path,class_name,label,split
/home/user/Tuberculosis_detection/data/raw/Normal/Normal-1.png,Normal,0,train
/home/user/Tuberculosis_detection/data/raw/Normal/Normal-10.png,Normal,0,test
/home/user/Tuberculosis_detection/data/raw/Normal/Normal-100.png,Normal,0,train
/home/user/Tuberculosis_detection/data/raw/Normal/Normal-1000.png,Normal,0,train
/home/user/Tuberculosis_detection/data/raw/Normal/Normal-1001.png,Normal,0,val
/home/user/Tuberculosis_detection/data/raw/Normal/Normal-1002.png,Normal,0,train
/home/user/Tuberculosis_detection/data/raw/Normal/Normal-1003.png,Normal,0,train
/home/user/Tuberculosis_detection/data/raw/Normal/Normal-1004.png,Normal,0,train
/home/user/Tuberculosis_detection/data/raw/Normal/Normal-1005.png,Normal,0,test
/home/user/Tuberculosis_detection/data/raw/Normal/Normal-1006.png,Normal,0,train
/home/user/Tuberculosis_detection/data/raw/Normal/Normal-1007.png,Normal,0,train
/home/user/Tuberculosis_detection/data/raw/Normal/Normal-1008.png,Normal,0,train
/home/user/Tuberculosis_detection/data/raw/Normal/Normal-1009.png,Normal,0,train
/home/user/Tuberculosis_detection/data/raw/Normal/Normal-101.png,Normal,0,val
/home/user/Tuberculosis_detection/data/raw/Normal/Normal-1010.png,Normal,0,val
/home/user/Tuberculosis_detection/data/raw/Normal/Normal-1011.png,Normal,0,train
/home/user/Tuberculosis_detection/data/raw/Normal/Normal-1012.png,Normal,0,test
/home/user/Tuberculosis_detection/data/raw/Normal/Normal-1013.png,Normal,0,test
/home/user/Tuberculosis_detection/data/raw/Normal/Normal-1014.png,Normal,0,train
/home/user/Tuberculosis_detection/data/raw/Normal/Normal-1015.png,Normal,0,test
/home/user/Tuberculosis_detection/data/raw/Normal/Normal-1016.png,Normal,0,val
/home/user/Tuberculosis_detection/data/raw/Normal/Normal-1017.png,Normal,0,val
/home/user/Tuberculosis_detection/data/raw/Normal/Normal-1018.png,Normal,0,test
/home/user/Tuberculosis_detection/data/raw/Normal/Normal-1019.png,Normal,0,train
/home/user/Tuberculosis_detection/data/raw/Normal/Normal-102.png,Normal,0,train
/home/user/Tuberculosis_detection/data/raw/Normal/Normal-1020.png,Normal,0,train
/home/user/Tuberculosis_detection/data/raw/Normal/Normal-1021.png,Normal,0,val
/home/user/Tuberculosis_detection/data/raw/Normal/Normal-1022.png,Normal,0,train
/home/user/Tuberculosis_detection/data/raw/Normal/Normal-1023.png,Normal,0,train
/home/user/Tuberculosis_detection/data/raw/Normal/Normal-1024.png,Normal,0,train
/home/user/Tuberculosis_detection/data/raw/Normal/Normal-1025.png,Normal,0,train
/home/user/Tuberculosis_detection/data/raw/Normal/Normal-1026.png,Normal,0,train
/home/user/Tuberculosis_detection/data/raw/Normal/Normal-1027.png,Normal,0,train
/home/user/Tuberculosis_detection/data/raw/Normal/Normal-1028.png,Normal,0,train
/home/user/Tuberculosis_detection/data/raw/Normal/Normal-1029.png,Normal,0,test
/home/user/Tuberculosis_detection/data/raw/Normal/Normal-103.png,Normal,0,val
/home/user/Tuberculosis_detection/data/raw/Normal/Normal-1030.png,Normal,0,train
/home/user/Tuberculosis_detection/data/raw/Normal/Normal-1031.png,Normal,0,test
/home/user/Tuberculosis_detection/data/raw/Normal/Normal-1032.png,Normal,0,train
/home/user/Tuberculosis_detection/data/raw/Normal/Normal-1033.png,Normal,0,train
/home/user/Tuberculosis_detection/data/raw/Normal/Normal-1034.png,Normal,0,test
/home/user/Tuberculosis_detection/data/raw/Normal/Normal-1035.png,Normal,0,train
/home/user/Tuberculosis_detection/data/raw/Normal/Normal-1036.png,Normal,0,train
/home/user/Tuberculosis_detection/data/raw/Normal/Normal-1037.png,Normal,0,train
/home/user/Tuberculosis_detection/data/raw/Normal/Normal-1038.png,Normal,0,train
/home/user/Tuberculosis_detection/data/raw/Normal/Normal-1039.png,Normal,0,train
/home/user/Tuberculosis_detection/data/raw/Normal/Normal-104.png,Normal,0,test
/home/user/Tuberculosis_detection/data/raw/Normal/Normal-1040.png,Normal,0,train
/home/user/Tuberculosis_detection/data/raw/Normal/Normal-1041.png,Normal,0,train
/home/user/Tuberculosis_detection/data/raw/Normal/Normal-1042.png,Normal,0,train
/home/user/Tuberculosis_detection/data/raw/Normal/Normal-1043.png,Normal,0,val
/home/user/Tuberculosis_detection/data/raw/Normal/Normal-1044.png,Normal,0,train
/home/user/Tuberculosis_detection/data/raw/Normal/Normal-1045.png,Normal,0,train
/home/user/Tuberculosis_detection/data/raw/Normal/Normal-1046.png,Normal,0,test
/home/user/Tuberculosis_detection/data/raw/Normal/Normal-1047.png,Normal,0,train
/home/user/Tuberculosis_detection/data/raw/Normal/Normal-1048.png,Normal,0,train
/home/user/Tuberculosis_detection/data/raw/Normal/Normal-1049.png,Normal,0,train
/home/user/Tuberculosis_detection/data/raw/Normal/Normal-105.png,Normal,0,train
/home/user/Tuberculosis_detection/data/raw/Normal/Normal-1050.png,Normal,0,train
/home/user/Tuberculosis_detection/data/raw/Normal/Normal-1051.png,Normal,0,train
/home/user/Tuberculosis_detection/data/raw/Normal/Normal-1052.png,Normal,0,train
/home/user/Tuberculosis_detection/data/raw/Normal/Normal-1053.png,Normal,0,train
/home/user/Tuberculosis_detection/data/raw/Normal/Normal-1054.png,Normal,0,train
/home/user/Tuberculosis_detection/data/raw/Normal/Normal-1055.png,Normal,0,train
/home/user/Tuberculosis_detection/data/raw/Normal/Normal-1056.png,Normal,0,val
/home/user/Tuberculosis_detection/data/raw/Normal/Normal-1057.png,Normal,0,train
/home/user/Tuberculosis_detection/data/raw/Normal/Normal-1058.png,Normal,0,train
/home/user/Tuberculosis_detection/data/raw/Normal/Normal-1059.png,Normal,0,train
/home/user/Tuberculosis_detection/data/raw/Normal/Normal-106.png,Normal,0,train
/home/user/Tuberculosis_detection/data/raw/Normal/Normal-1060.png,Normal,0,train
/home/user/Tuberculosis_detection/data/raw/Normal/Normal-1061.png,Normal,0,train
/home/user/Tuberculosis_detection/data/raw/Normal/Normal-1062.png,Normal,0,train
/home/user/Tuberculosis_detection/data/raw/Normal/Normal-1063.png,Normal,0,train
/home/user/Tuberculosis_detection/data/raw/Normal/Normal-1064.png,Normal,0,train
/home/user/Tuberculosis_detection/data/raw/Normal/Normal-1065.png,Normal,0,train
/home/user/Tuberculosis_detection/data/raw/Normal/Normal-1066.png,Normal,0,train
/home/user/Tuberculosis_detection/data/raw/Normal/Normal-1067.png,Normal,0,train
/home/user/Tuberculosis_detection/data/raw/Normal/Normal-1068.png,Normal,0,train
/home/user/Tuberculosis_detection/data/raw/Normal/Normal-1069.png,Normal,0,train
/home/user/Tuberculosis_detection/data/raw/Normal/Normal-107.png,Normal,0,train
/home/user/Tuberculosis_detection/data/raw/Normal/Normal-1070.png,Normal,0,train
/home/user/Tuberculosis_detection/data/raw/Normal/Normal-1071.png,Normal,0,train
/home/user/Tuberculosis_detection/data/raw/Normal/Normal-1072.png,Normal,0,train
/home/user/Tuberculosis_detection/data/raw/Normal/Normal-1073.png,Normal,0,train
/home/user/Tuberculosis_detection/data/raw/Normal/Normal-1074.png,Normal,0,train
/home/user/Tuberculosis_detection/data/raw/Normal/Normal-1075.png,Normal,0,train
/home/user/Tuberculosis_detection/data/raw/Normal/Normal-1076.png,Normal,0,train
/home/user/Tuberculosis_detection/data/raw/Normal/Normal-1077.png,Normal,0,val
/home/user/Tuberculosis_detection/data/raw/Normal/Normal-1078.png,Normal,0,train
/home/user/Tuberculosis_detection/data/raw/Normal/Normal-1079.png,Normal,0,train
/home/user/Tuberculosis_detection/data/raw/Normal/Normal-108.png,Normal,0,train
/home/user/Tuberculosis_detection/data/raw/Normal/Normal-1080.png,Normal,0,test
/home/user/Tuberculosis_detection/data/raw/Normal/Normal-1081.png,Normal,0,train
/home/user/Tuberculosis_detection/data/raw/Normal/Normal-1082.png,Normal,0,val
/home/user/Tuberculosis_detection/data/raw/Normal/Normal-1083.png,Normal,0,train
/home/user/Tuberculosis_detection/data/raw/Normal/Normal-1084.png,Normal,0,val
/home/user/Tuberculosis_detection/data/raw/Normal/Normal-1085.png,Normal,0,train
/home/user/Tuberculosis_detection/data/raw/Normal/Normal-1086.png,Normal,0,train
/home/user/Tuberculosis_detection/data/raw/Normal/Normal-1087.png,Normal,0,val
/home/user/Tuberculosis_detection/data/raw/Normal/Normal-1088.png,Normal,0,train
/home/user/Tuberculosis_detection/data/raw/Normal/Normal-1089.png,Normal,0,train
/home/user/Tuberculosis_detection/data/raw/Normal/Normal-109.png,Normal,0,train
/home/user/Tuberculosis_detection/data/raw/Normal/Normal-1090.png,Normal,0,train
/home/user/Tuberculosis_detection/data/raw/Normal/Normal-1091.png,Normal,0,val
/home/user/Tuberculosis_detection/data/raw/Normal/Normal-1092.png,Normal,0,train
/home/user/Tuberculosis_detection/data/raw/Normal/Normal-1093.png,Normal,0,train
/home/user/Tuberculosis_detection/data/raw/Normal/Normal-1094.png,Normal,0,train
/home/user/Tuberculosis_detection/data/raw/Normal/Normal-1095.png,Normal,0,train
/home/user/Tuberculosis_detection/data/raw/Normal/Normal-1096.png,Normal,0,train
/home/user/Tuberculosis_detection/data/raw/Normal/Normal-1097.png,Normal,0,train
/home/user/Tuberculosis_detection/data/raw/Normal/Normal-1098.png,Normal,0,train
/home/user/Tuberculosis_detection/data/raw/Normal/Normal-1099.png,Normal,0,train
/home/user/Tuberculosis_detection/data/raw/Normal/Normal-11.png,Normal,0,test
/home/user/Tuberculosis_detection/data/raw/Normal/Normal-110.png,Normal,0,train
/home/user/Tuberculosis_detection/data/raw/Normal/Normal-1100.png,Normal,0,train
/home/user/Tuberculosis_detection/data/raw/Normal/Normal-1101.png,Normal,0,train
/home/user/Tuberculosis_detection/data/raw/Normal/Normal-1102.png,Normal,0,test
/home/user/Tuberculosis_detection/data/raw/Normal/Normal-1103.png,Normal,0,train
/home/user/Tuberculosis_detection/data/raw/Normal/Normal-1104.png,Normal,0,train
/home/user/Tuberculosis_detection/data/raw/Normal/Normal-1105.png,Normal,0,test
/home/user/Tuberculosis_detection/data/raw/Normal/Normal-1106.png,Normal,0,train
/home/user/Tuberculosis_detection/data/raw/Normal/Normal-1107.png,Normal,0,test
/home/user/Tuberculosis_detection/data/raw/Normal/Normal-1108.png,Normal,0,test
/home/user/Tuberculosis_detection/data/raw/Normal/Normal-1109.png,Normal,0,train
/home/user/Tuberculosis_detection/data/raw/Normal/Normal-111.png,Normal,0,train
/home/user/Tuberculosis_detection/data/raw/Normal/Normal-1110.png,Normal,0,train
/home/user/Tuberculosis_detection/data/raw/Normal/Normal-1111.png,Normal,0,train
/home/user/Tuberculosis_detection/data/raw/Normal/Normal-1112.png,Normal,0,test
/home/user/Tuberculosis_detection/data/raw/Normal/Normal-1113.png,Normal,0,train
/home/user/Tuberculosis_detection/data/raw/Normal/Normal-1114.png,Normal,0,train
/home/user/Tuberculosis_detection/data/raw/Normal/Normal-1115.png,Normal,0,test
/home/user/Tuberculosis_detection/data/raw/Normal/Normal-1116.png,Normal,0,train
/home/user/Tuberculosis_detection/data/raw/Normal/Normal-1117.png,Normal,0,train
/home/user/Tuberculosis_detection/data/raw/Normal/Normal-1118.png,Normal,0,train
/home/user/Tuberculosis_detection/data/raw/Normal/Normal-1119.png,Normal,0,test
/home/user/Tuberculosis_detection/data/raw/Normal/Normal-112.png,Normal,0,train
/home/user/Tuberculosis_detection/data/raw/Normal/Normal-1120.png,Normal,0,train
/home/user/Tuberculosis_detection/data/raw/Normal/Normal-1121.png,Normal,0,train
/home/user/Tuberculosis_detection/data/raw/Normal/Normal-1122.png,Normal,0,train
/home/user/Tuberculosis_detection/data/raw/Normal/Normal-1123.png,Normal,0,train
/home/user/Tuberculosis_detection/data/raw/Normal/Normal-1124.png,Normal,0,train
/home/user/Tuberculosis_detection/data/raw/Normal/Normal-1125.png,Normal,0,train
/home/user/Tuberculosis_detection/data/raw/Normal/Normal-1126.png,Normal,0,train
/home/user/Tuberculosis_detection/data/raw/Normal/Normal-1127.png,Normal,0,val
/home/user/Tuberculosis_detection/data/raw/Normal/Normal-1128.png,Normal,0,train
/home/user/Tuberculosis_detection/data/raw/Normal/Normal-1129.png,Normal,0,train
/home/user/Tuberculosis_detection/data/raw/Normal/Normal-113.png,Normal,0,test
/home/user/Tuberculosis_detection/data/raw/Normal/Normal-1130.png,Normal,0,train
/home/user/Tuberculosis_detection/data/raw/Normal/Normal-1131.png,Normal,0,train
/home/user/Tuberculosis_detection/data/raw/Normal/Normal-1132.png,Normal,0,test
/home/user/Tuberculosis_detection/data/raw/Normal/Normal-1133.png,Normal,0,val
/home/user/Tuberculosis_detection/data/raw/Normal/Normal-1134.png,Normal,0,test
/home/user/Tuberculosis_detection/data/raw/Normal/Normal-1135.png,Normal,0,val
/home/user/Tuberculosis_detection/data/raw/Normal/Normal-1136.png,Normal,0,test
/home/user/Tuberculosis_detection/data/raw/Normal/Normal-1137.png,Normal,0,val
/home/user/Tuberculosis_detection/data/raw/Normal/Normal-1138.png,Normal,0,train
/home/user/Tuberculosis_detection/data/raw/Normal/Normal-1139.png,Normal,0,train
/home/user/Tuberculosis_detection/data/raw/Normal/Normal-114.png,Normal,0,test
/home/user/Tuberculosis_detection/data/raw/Normal/Normal-1140.png,Normal,0,train
/home/user/Tuberculosis_detection/data/raw/Normal/Normal-1141.png,Normal,0,test
/home/user/Tuberculosis_detection/data/raw/Normal/Normal-1142.png,Normal,0,test
/home/user/Tuberculosis_detection/data/raw/Normal/Normal-1143.png,Normal,0,val
/home/user/Tuberculosis_detection/data/raw/Normal/Normal-1144.png,Normal,0,train
/home/user/Tuberculosis_detection/data/raw/Normal/Normal-1145.png,Normal,0,train
/home/user/Tuberculosis_detection/data/raw/Normal/Normal-1146.png,Normal,0,train
/home/user/Tuberculosis_detection/data/raw/Normal/Normal-1147.png,Normal,0,train
/home/user/Tuberculosis_detection/data/raw/Normal/Normal-1148.png,Normal,0,val
/home/user/Tuberculosis_detection/data/raw/Normal/Normal-1149.png,Normal,0,train
/home/user/Tuberculosis_detection/data/raw/Normal/Normal-115.png,Normal,0,train
/home/user/Tuberculosis_detection/data/raw/Normal/Normal-1150.png,Normal,0,train
/home/user/Tuberculosis_detection/data/raw/Normal/Normal-1151.png,Normal,0,train
/home/user/Tuberculosis_detection/data/raw/Normal/Normal-1152.png,Normal,0,train
/home/user/Tuberculosis_detection/data/raw/Normal/Normal-1153.png,Normal,0,train
/home/user/Tuberculosis_detection/data/raw/Normal/Normal-1154.png,Normal,0,train
/home/user/Tuberculosis_detection/data/raw/Normal/Normal-1155.png,Normal,0,train
/home/user/Tuberculosis_detection/data/raw/Normal/Normal-1156.png,Normal,0,train
/home/user/Tuberculosis_detection/data/raw/Normal/Normal-1157.png,Normal,0,train
/home/user/Tuberculosis_detection/data/raw/Normal/Normal-1158.png,Normal,0,train
/home/user/Tuberculosis_detection/data/raw/Normal/Normal-1159.png,Normal,0,train
/home/user/Tuberculosis_detection/data/raw/Normal/Normal-116.png,Normal,0,train
/home/user/Tuberculosis_detection/data/raw/Normal/Normal-1160.png,Normal,0,test
/home/user/Tuberculosis_detection/data/raw/Normal/Normal-1161.png,Normal,0,train
/home/user/Tuberculosis_detection/data/raw/Normal/Normal-1162.png,Normal,0,train
/home/user/Tuberculosis_detection/data/raw/Normal/Normal-1163.png,Normal,0,train
/home/user/Tuberculosis_detection/data/raw/Normal/Normal-1164.png,Normal,0,train
/home/user/Tuberculosis_detection/data/raw/Normal/Normal-1165.png,Normal,0,train
/home/user/Tuberculosis_detection/data/raw/Normal/Normal-1166.png,Normal,0,test
/home/user/Tuberculosis_detection/data/raw/Normal/Normal-1167.png,Normal,0,test
/home/user/Tuberculosis_detection/data/raw/Normal/Normal-1168.png,Normal,0,train
/home/user/Tuberculosis_detection/data/raw/Normal/Normal-1169.png,Normal,0,val
/home/user/Tuberculosis_detection/data/raw/Normal/Normal-117.png,Normal,0,test
/home/user/Tuberculosis_detection/data/raw/Normal/Normal-1170.png,Normal,0,train
/home/user/Tuberculosis_detection/data/raw/Normal/Normal-1171.png,Normal,0,train
/home/user/Tuberculosis_detection/data/raw/Normal/Normal-1172.png,Normal,0,train
/home/user/Tuberculosis_detection/data/raw/Normal/Normal-1173.png,Normal,0,train
/home/user/Tuberculosis_detection/data/raw/Normal/Normal-1174.png,Normal,0,train
/home/user/Tuberculosis_detection/data/raw/Normal/Normal-1175.png,Normal,0,train
/home/user/Tuberculosis_detection/data/raw/Normal/Normal-1176.png,Normal,0,test
/home/user/Tuberculosis_detection/data/raw/Normal/Normal-1177.png,Normal,0,train
/home/user/Tuberculosis_detection/data/raw/Normal/Normal-1178.png,Normal,0,train
/home/user/Tuberculosis_detection/data/raw/Normal/Normal-1179.png,Normal,0,test
/home/user/Tuberculosis_detection/data/raw/Normal/Normal-118.png,Normal,0,test
/home/user/Tuberculosis_detection/data/raw/Normal/Normal-1180.png,Normal,0,val
/home/user/Tuberculosis_detection/data/raw/Normal/Normal-1181.png,Normal,0,train
/home/user/Tuberculosis_detection/data/raw/Normal/Normal-1182.png,Normal,0,train
/home/user/Tuberculosis_detection/data/raw/Normal/Normal-1183.png,Normal,0,val
/home/user/Tuberculosis_detection/data/raw/Normal/Normal-1184.png,Normal,0,val
/home/user/Tuberculosis_detection/data/raw/Normal/Normal-1185.png,Normal,0,test
/home/user/Tuberculosis_detection/data/raw/Normal/Normal-1186.png,Normal,0,train
/home/user/Tuberculosis_detection/data/raw/Normal/Normal-1187.png,Normal,0,train
/home/user/Tuberculosis_detection/data/raw/Normal/Normal-1188.png,Normal,0,train
/home/user/Tuberculosis_detection/data/raw/Normal/Normal-1189.png,Normal,0,train
/home/user/Tuberculosis_detection/data/raw/Normal/Normal-119.png,Normal,0,train
/home/user/Tuberculosis_detection/data/raw/Normal/Normal-1190.png,Normal,0,train
/home/user/Tuberculosis_detection/data/raw/Normal/Normal-1191.png,Normal,0,train
/home/user/Tuberculosis_detection/data/raw/Normal/Normal-1192.png,Normal,0,train
/home/user/Tuberculosis_detection/data/raw/Normal/Normal-1193.png,Normal,0,test
/home/user/Tuberculosis_detection/data/raw/Normal/Normal-1194.png,Normal,0,val
/home/user/Tuberculosis_detection/data/raw/Normal/Normal-1195.png,Normal,0,train
/home/user/Tuberculosis_detection/data/raw/Normal/Normal-1196.png,Normal,0,test
/home/user/Tuberculosis_detection/data/raw/Normal/Normal-1197.png,Normal,0,train
/home/user/Tuberculosis_detection/data/raw/Normal/Normal-1198.png,Normal,0,train
/home/user/Tuberculosis_detection/data/raw/Normal/Normal-1199.png,Normal,0,train
/home/user/Tuberculosis_detection/data/raw/Normal/Normal-12.png,Normal,0,train
/home/user/Tuberculosis_detection/data/raw/Normal/Normal-120.png,Normal,0,train
/home/user/Tuberculosis_detection/data/raw/Normal/Normal-1200.png,Normal,0,test
/home/user/Tuberculosis_detection/data/raw/Normal/Normal-1201.png,Normal,0,train
/home/user/Tuberculosis_detection/data/raw/Normal/Normal-1202.png,Normal,0,train
/home/user/Tuberculosis_detection/data/raw/Normal/Normal-1203.png,Normal,0,train
/home/user/Tuberculosis_detection/data/raw/Normal/Normal-1204.png,Normal,0,val
/home/user/Tuberculosis_detection/data/raw/Normal/Normal-1205.png,Normal,0,val
/home/user/Tuberculosis_detection/data/raw/Normal/Normal-1206.png,Normal,0,train
/home/user/Tuberculosis_detection/data/raw/Normal/Normal-1207.png,Normal,0,train
/home/user/Tuberculosis_detection/data/raw/Normal/Normal-1208.png,Normal,0,train
/home/user/Tuberculosis_detection/data/raw/Normal/Normal-1209.png,Normal,0,train
/home/user/Tuberculosis_detection/data/raw/Normal/Normal-121.png,Normal,0,train
/home/user/Tuberculosis_detection/data/raw/Normal/Normal-1210.png,Normal,0,train
/home/user/Tuberculosis_detection/data/raw/Normal/Normal-1211.png,Normal,0,train
/home/user/Tuberculosis_detection/data/raw/Normal/Normal-1212.png,Normal,0,train
/home/user/Tuberculosis_detection/data/raw/Normal/Normal-1213.png,Normal,0,train
/home/user/Tuberculosis_detection/data/raw/Normal/Normal-1214.png,Normal,0,train
/home/user/Tuberculosis_detection/data/raw/Normal/Normal-1215.png,Normal,0,val
/home/user/Tuberculosis_detection/data/raw/Normal/Normal-1216.png,Normal,0,train
/home/user/Tuberculosis_detection/data/raw/Normal/Normal-1217.png,Normal,0,train
/home/user/Tuberculosis_detection/data/raw/Normal/Normal-1218.png,Normal,0,train
/home/user/Tuberculosis_detection/data/raw/Normal/Normal-1219.png,Normal,0,val
/home/user/Tuberculosis_detection/data/raw/Normal/Normal-122.png,Normal,0,test
/home/user/Tuberculosis_detection/data/raw/Normal/Normal-1220.png,Normal,0,train
/home/user/Tuberculosis_detection/data/raw/Normal/Normal-1221.png,Normal,0,train
/home/user/Tuberculosis_detection/data/raw/Normal/Normal-1222.png,Normal,0,train
/home/user/Tuberculosis_detection/data/raw/Normal/Normal-1223.png,Normal,0,train
/home/user/Tuberculosis_detection/data/raw/Normal/Normal-1224.png,Normal,0,train
/home/user/Tuberculosis_detection/data/raw/Normal/Normal-1225.png,Normal,0,test
/home/user/Tuberculosis_detection/data/raw/Normal/Normal-1226.png,Normal,0,test
/home/user/Tuberculosis_detection/data/raw/Normal/Normal-1227.png,Normal,0,train
/home/user/Tuberculosis_detection/data/raw/Normal/Normal-1228.png,Normal,0,train
/home/user/Tuberculosis_detection/data/raw/Normal/Normal-1229.png,Normal,0,train
/home/user/Tuberculosis_detection/data/raw/Normal/Normal-123.png,Normal,0,val
/home/user/Tuberculosis_detection/data/raw/Normal/Normal-1230.png,Normal,0,train
/home/user/Tuberculosis_detection/data/raw/Normal/Normal-1231.png,Normal,0,train
/home/user/Tuberculosis_detection/data/raw/Normal/Normal-1232.png,Normal,0,train
/home/user/Tuberculosis_detection/data/raw/Normal/Normal-1233.png,Normal,0,train
/home/user/Tuberculosis_detection/data/raw/Normal/Normal-1234.png,Normal,0,val
/home/user/Tuberculosis_detection/data/raw/Normal/Normal-1235.png,Normal,0,val
/home/user/Tuberculosis_detection/data/raw/Normal/Normal-1236.png,Normal,0,train
/home/user/Tuberculosis_detection/data/raw/Normal/Normal-1237.png,Normal,0,train
/home/user/Tuberculosis_detection/data/raw/Normal/Normal-1238.png,Normal,0,train
/home/user/Tuberculosis_detection/data/raw/Normal/Normal-1239.png,Normal,0,train
/home/user/Tuberculosis_detection/data/raw/Normal/Normal-124.png,Normal,0,test
/home/user/Tuberculosis_detection/data/raw/Normal/Normal-1240.png,Normal,0,val
/home/user/Tuberculosis_detection/data/raw/Normal/Normal-1241.png,Normal,0,train
/home/user/Tuberculosis_detection/data/raw/Normal/Normal-1242.png,Normal,0,train
/home/user/Tuberculosis_detection/data/raw/Normal/Normal-1243.png,Normal,0,train
/home/user/Tuberculosis_detection/data/raw/Normal/Normal-1244.png,Normal,0,train
/home/user/Tuberculosis_detection/data/raw/Normal/Normal-1245.png,Normal,0,train
/home/user/Tuberculosis_detection/data/raw/Normal/Normal-1246.png,Normal,0,train
/home/user/Tuberculosis_detection/data/raw/Normal/Normal-1247.png,Normal,0,val
/home/user/Tuberculosis_detection/data/raw/Normal/Normal-1248.png,Normal,0,train
/home/user/Tuberculosis_detection/data/raw/Normal/Normal-1249.png,Normal,0,train
/home/user/Tuberculosis_detection/data/raw/Normal/Normal-125.png,Normal,0,test
/home/user/Tuberculosis_detection/data/raw/Normal/Normal-1250.png,Normal,0,train
/home/user/Tuberculosis_detection/data/raw/Normal/Normal-1251.png,Normal,0,train
/home/user/Tuberculosis_detection/data/raw/Normal/Normal-1252.png,Normal,0,train
/home/user/Tuberculosis_detection/data/raw/Normal/Normal-1253.png,Normal,0,test
/home/user/Tuberculosis_detection/data/raw/Normal/Normal-1254.png,Normal,0,train
/home/user/Tuberculosis_detection/data/raw/Normal/Normal-1255.png,Normal,0,train
/home/user/Tuberculosis_detection/data/raw/Normal/Normal-1256.png,Normal,0,train
/home/user/Tuberculosis_detection/data/raw/Normal/Normal-1257.png,Normal,0,train
/home/user/Tuberculosis_detection/data/raw/Normal/Normal-1258.png,Normal,0,test
/home/user/Tuberculosis_detection/data/raw/Normal/Normal-1259.png,Normal,0,train
/home/user/Tuberculosis_detection/data/raw/Normal/Normal-126.png,Normal,0,train
/home/user/Tuberculosis_detection/data/raw/Normal/Normal-1260.png,Normal,0,train
/home/user/Tuberculosis_detection/data/raw/Normal/Normal-1261.png,Normal,0,train
/home/user/Tuberculosis_detection/data/raw/Normal/Normal-1262.png,Normal,0,val
/home/user/Tuberculosis_detection/data/raw/Normal/Normal-1263.png,Normal,0,train
/home/user/Tuberculosis_detection/data/raw/Normal/Normal-1264.png,Normal,0,val
/home/user/Tuberculosis_detection/data/raw/Normal/Normal-1265.png,Normal,0,train
/home/user/Tuberculosis_detection/data/raw/Normal/Normal-1266.png,Normal,0,train
/home/user/Tuberculosis_detection/data/raw/Normal/Normal-1267.png,Normal,0,train
/home/user/Tuberculosis_detection/data/raw/Normal/Normal-1268.png,Normal,0,train
/home/user/Tuberculosis_detection/data/raw/Normal/Normal-1269.png,Normal,0,train
/home/user/Tuberculosis_detection/data/raw/Normal/Normal-127.png,Normal,0,val
/home/user/Tuberculosis_detection/data/raw/Normal/Normal-1270.png,Normal,0,train
/home/user/Tuberculosis_detection/data/raw/Normal/Normal-1271.png,Normal,0,train
/home/user/Tuberculosis_detection/data/raw/Normal/Normal-1272.png,Normal,0,test
/home/user/Tuberculosis_detection/data/raw/Normal/Normal-1273.png,Normal,0,train
/home/user/Tuberculosis_detection/data/raw/Normal/Normal-1274.png,Normal,0,train
/home/user/Tuberculosis_detection/data/raw/Normal/Normal-1275.png,Normal,0,train
/home/user/Tuberculosis_detection/data/raw/Normal/Normal-1276.png,Normal,0,train
/home/user/Tuberculosis_detection/data/raw/Normal/Normal-1277.png,Normal,0,train
/home/user/Tuberculosis_detection/data/raw/Normal/Normal-1278.png,Normal,0,train
/home/user/Tuberculosis_detection/data/raw/Normal/Normal-1279.png,Normal,0,train
/home/user/Tuberculosis_detection/data/raw/Normal/Normal-128.png,Normal,0,train
/home/user/Tuberculosis_detection/data/raw/Normal/Normal-1280.png,Normal,0,val
/home/user/Tuberculosis_detection/data/raw/Normal/Normal-1281.png,Normal,0,train
/home/user/Tuberculosis_detection/data/raw/Normal/Normal-1282.png,Normal,0,val
/home/user/Tuberculosis_detection/data/raw/Normal/Normal-1283.png,Normal,0,train
/home/user/Tuberculosis_detection/data/raw/Normal/Normal-1284.png,Normal,0,test
/home/user/Tuberculosis_detection/data/raw/Normal/Normal-1285.png,Normal,0,train
/home/user/Tuberculosis_detection/data/raw/Normal/Normal-1286.png,Normal,0,train
/home/user/Tuberculosis_detection/data/raw/Normal/Normal-1287.png,Normal,0,val
/home/user/Tuberculosis_detection/data/raw/Normal/Normal-1288.png,Normal,0,train
/home/user/Tuberculosis_detection/data/raw/Normal/Normal-1289.png,Normal,0,train
/home/user/Tuberculosis_detection/data/raw/Normal/Normal-129.png,Normal,0,train
/home/user/Tuberculosis_detection/data/raw/Normal/Normal-1290.png,Normal,0,train
/home/user/Tuberculosis_detection/data/raw/Normal/Normal-1291.png,Normal,0,train
/home/user/Tuberculosis_detection/data/raw/Normal/Normal-1292.png,Normal,0,train
/home/user/Tuberculosis_detection/data/raw/Normal/Normal-1293.png,Normal,0,train
/home/user/Tuberculosis_detection/data/raw/Normal/Normal-1294.png,Normal,0,train
/home/user/Tuberculosis_detection/data/raw/Normal/Normal-1295.png,Normal,0,train
/home/user/Tuberculosis_detection/data/raw/Normal/Normal-1296.png,Normal,0,test
/home/user/Tuberculosis_detection/data/raw/Normal/Normal-1297.png,Normal,0,train
/home/user/Tuberculosis_detection/data/raw/Normal/Normal-1298.png,Normal,0,train
/home/user/Tuberculosis_detection/data/raw/Normal/Normal-1299.png,Normal,0,train
/home/user/Tuberculosis_detection/data/raw/Normal/Normal-13.png,Normal,0,train
/home/user/Tuberculosis_detection/data/raw/Normal/Normal-130.png,Normal,0,val
/home/user/Tuberculosis_detection/data/raw/Normal/Normal-1300.png,Normal,0,train
/home/user/Tuberculosis_detection/data/raw/Normal/Normal-1301.png,Normal,0,val
/home/user/Tuberculosis_detection/data/raw/Normal/Normal-1302.png,Normal,0,train
/home/user/Tuberculosis_detection/data/raw/Normal/Normal-1303.png,Normal,0,train
/home/user/Tuberculosis_detection/data/raw/Normal/Normal-1304.png,Normal,0,test
/home/user/Tuberculosis_detection/data/raw/Normal/Normal-1305.png,Normal,0,train
/home/user/Tuberculosis_detection/data/raw/Normal/Normal-1306.png,Normal,0,train
/home/user/Tuberculosis_detection/data/raw/Normal/Normal-1307.png,Normal,0,val
/home/user/Tuberculosis_detection/data/raw/Normal/Normal-1308.png,Normal,0,train
/home/user/Tuberculosis_detection/data/raw/Normal/Normal-1309.png,Normal,0,val
/home/user/Tuberculosis_detection/data/raw/Normal/Normal-131.png,Normal,0,train
/home/user/Tuberculosis_detection/data/raw/Normal/Normal-1310.png,Normal,0,train
/home/user/Tuberculosis_detection/data/raw/Normal/Normal-1311.png,Normal,0,train
/home/user/Tuberculosis_detection/data/raw/Normal/Normal-1312.png,Normal,0,train
/home/user/Tuberculosis_detection/data/raw/Normal/Normal-1313.png,Normal,0,train
/home/user/Tuberculosis_detection/data/raw/Normal/Normal-1314.png,Normal,0,train
/home/user/Tuberculosis_detection/data/raw/Normal/Normal-1315.png,Normal,0,train
/home/user/Tuberculosis_detection/data/raw/Normal/Normal-1316.png,Normal,0,train
/home/user/Tuberculosis_detection/data/raw/Normal/Normal-1317.png,Normal,0,train
/home/user/Tuberculosis_detection/data/raw/Normal/Normal-1318.png,Normal,0,train
/home/user/Tuberculosis_detection/data/raw/Normal/Normal-1319.png,Normal,0,val
/home/user/Tuberculosis_detection/data/raw/Normal/Normal-132.png,Normal,0,train
/home/user/Tuberculosis_detection/data/raw/Normal/Normal-1320.png,Normal,0,train
/home/user/Tuberculosis_detection/data/raw/Normal/Normal-1321.png,Normal,0,train
/home/user/Tuberculosis_detection/data/raw/Normal/Normal-1322.png,Normal,0,train
/home/user/Tuberculosis_detection/data/raw/Normal/Normal-1323.png,Normal,0,train
/home/user/Tuberculosis_detection/data/raw/Normal/Normal-1324.png,Normal,0,train
/home/user/Tuberculosis_detection/data/raw/Normal/Normal-1325.png,Normal,0,train
/home/user/Tuberculosis_detection/data/raw/Normal/Normal-1326.png,Normal,0,train
/home/user/Tuberculosis_detection/data/raw/Normal/Normal-1327.png,Normal,0,train
/home/user/Tuberculosis_detection/data/raw/Normal/Normal-1328.png,Normal,0,train
/home/user/Tuberculosis_detection/data/raw/Normal/Normal-1329.png,Normal,0,train
/home/user/Tuberculosis_detection/data/raw/Normal/Normal-133.png,Normal,0,train
/home/user/Tuberculosis_detection/data/raw/Normal/Normal-1330.png,Normal,0,val
/home/user/Tuberculosis_detection/data/raw/Normal/Normal-1331.png,Normal,0,train
/home/user/Tuberculosis_detection/data/raw/Normal/Normal-1332.png,Normal,0,train
/home/user/Tuberculosis_detection/data/raw/Normal/Normal-1333.png,Normal,0,train
/home/user/Tuberculosis_detection/data/raw/Normal/Normal-1334.png,Normal,0,train
/home/user/Tuberculosis_detection/data/raw/Normal/Normal-1335.png,Normal,0,train
/home/user/Tuberculosis_detection/data/raw/Normal/Normal-1336.png,Normal,0,train
/home/user/Tuberculosis_detection/data/raw/Normal/Normal-1337.png,Normal,0,train
/home/user/Tuberculosis_detection/data/raw/Normal/Normal-1338.png,Normal,0,train
/home/user/Tuberculosis_detection/data/raw/Normal/Normal-1339.png,Normal,0,val
/home/user/Tuberculosis_detection/data/raw/Normal/Normal-134.png,Normal,0,test
/home/user/Tuberculosis_detection/data/raw/Normal/Normal-1340.png,Normal,0,train
/home/user/Tuberculosis_detection/data/raw/Normal/Normal-1341.png,Normal,0,train
/home/user/Tuberculosis_detection/data/raw/Normal/Normal-1342.png,Normal,0,train
/home/user/Tuberculosis_detection/data/raw/Normal/Normal-1343.png,Normal,0,train
/home/user/Tuberculosis_detection/data/raw/Normal/Normal-1344.png,Normal,0,val
/home/user/Tuberculosis_detection/data/raw/Normal/Normal-1345.png,Normal,0,val
/home/user/Tuberculosis_detection/data/raw/Normal/Normal-1346.png,Normal,0,train
/home/user/Tuberculosis_detection/data/raw/Normal/Normal-1347.png,Normal,0,val
/home/user/Tuberculosis_detection/data/raw/Normal/Normal-1348.png,Normal,0,train
/home/user/Tuberculosis_detection/data/raw/Normal/Normal-1349.png,Normal,0,train
/home/user/Tuberculosis_detection/data/raw/Normal/Normal-135.png,Normal,0,train
/home/user/Tuberculosis_detection/data/raw/Normal/Normal-1350.png,Normal,0,val
/home/user/Tuberculosis_detection/data/raw/Normal/Normal-1351.png,Normal,0,test
/home/user/Tuberculosis_detection/data/raw/Normal/Normal-1352.png,Normal,0,train
/home/user/Tuberculosis_detection/data/raw/Normal/Normal-1353.png,Normal,0,train
/home/user/Tuberculosis_detection/data/raw/Normal/Normal-1354.png,Normal,0,train
/home/user/Tuberculosis_detection/data/raw/Normal/Normal-1355.png,Normal,0,train
/home/user/Tuberculosis_detection/data/raw/Normal/Normal-1356.png,Normal,0,test
/home/user/Tuberculosis_detection/data/raw/Normal/Normal-1357.png,Normal,0,train
/home/user/Tuberculosis_detection/data/raw/Normal/Normal-1358.png,Normal,0,val
/home/user/Tuberculosis_detection/data/raw/Normal/Normal-1359.png,Normal,0,test
/home/user/Tuberculosis_detection/data/raw/Normal/Normal-136.png,Normal,0,val
/home/user/Tuberculosis_detection/data/raw/Normal/Normal-1360.png,Normal,0,val
/home/user/Tuberculosis_detection/data/raw/Normal/Normal-1361.png,Normal,0,test
/home/user/Tuberculosis_detection/data/raw/Normal/Normal-1362.png,Normal,0,train
/home/user/Tuberculosis_detection/data/raw/Normal/Normal-1363.png,Normal,0,train
/home/user/Tuberculosis_detection/data/raw/Normal/Normal-1364.png,Normal,0,test
/home/user/Tuberculosis_detection/data/raw/Normal/Normal-1365.png,Normal,0,test
/home/user/Tuberculosis_detection/data/raw/Normal/Normal-1366.png,Normal,0,train
/home/user/Tuberculosis_detection/data/raw/Normal/Normal-1367.png,Normal,0,train
/home/user/Tuberculosis_detection/data/raw/Normal/Normal-1368.png,Normal,0,train
/home/user/Tuberculosis_detection/data/raw/Normal/Normal-1369.png,Normal,0,train
/home/user/Tuberculosis_detection/data/raw/Normal/Normal-137.png,Normal,0,train
/home/user/Tuberculosis_detection/data/raw/Normal/Normal-1370.png,Normal,0,train
/home/user/Tuberculosis_detection/data/raw/Normal/Normal-1371.png,Normal,0,train
/home/user/Tuberculosis_detection/data/raw/Normal/Normal-1372.png,Normal,0,train
/home/user/Tuberculosis_detection/data/raw/Normal/Normal-1373.png,Normal,0,train
/home/user/Tuberculosis_detection/data/raw/Normal/Normal-1374.png,Normal,0,train
/home/user/Tuberculosis_detection/data/raw/Normal/Normal-1375.png,Normal,0,val
/home/user/Tuberculosis_detection/data/raw/Normal/Normal-1376.png,Normal,0,train
/home/user/Tuberculosis_detection/data/raw/Normal/Normal-1377.png,Normal,0,train
/home/user/Tuberculosis_detection/data/raw/Normal/Normal-1378.png,Normal,0,train
/home/user/Tuberculosis_detection/data/raw/Normal/Normal-1379.png,Normal,0,train
/home/user/Tuberculosis_detection/data/raw/Normal/Normal-138.png,Normal,0,train
/home/user/Tuberculosis_detection/data/raw/Normal/Normal-1380.png,Normal,0,train
/home/user/Tuberculosis_detection/data/raw/Normal/Normal-1381.png,Normal,0,train
/home/user/Tuberculosis_detection/data/raw/Normal/Normal-1382.png,Normal,0,train
/home/user/Tuberculosis_detection/data/raw/Normal/Normal-1383.png,Normal,0,train
/home/user/Tuberculosis_detection/data/raw/Normal/Normal-1384.png,Normal,0,train
/home/user/Tuberculosis_detection/data/raw/Normal/Normal-1385.png,Normal,0,train
/home/user/Tuberculosis_detection/data/raw/Normal/Normal-1386.png,Normal,0,train
/home/user/Tuberculosis_detection/data/raw/Normal/Normal-1387.png,Normal,0,test
/home/user/Tuberculosis_detection/data/raw/Normal/Normal-1388.png,Normal,0,train
/home/user/Tuberculosis_detection/data/raw/Normal/Normal-1389.png,Normal,0,train
/home/user/Tuberculosis_detection/data/raw/Normal/Normal-139.png,Normal,0,train
/home/user/Tuberculosis_detection/data/raw/Normal/Normal-1390.png,Normal,0,train
/home/user/Tuberculosis_detection/data/raw/Normal/Normal-1391.png,Normal,0,train
/home/user/Tuberculosis_detection/data/raw/Normal/Normal-1392.png,Normal,0,val
/home/user/Tuberculosis_detection/data/raw/Normal/Normal-1393.png,Normal,0,train
/home/user/Tuberculosis_detection/data/raw/Normal/Normal-1394.png,Normal,0,train
/home/user/Tuberculosis_detection/data/raw/Normal/Normal-1395.png,Normal,0,train
/home/user/Tuberculosis_detection/data/raw/Normal/Normal-1396.png,Normal,0,val
/home/user/Tuberculosis_detection/data/raw/Normal/Normal-1397.png,Normal,0,train
/home/user/Tuberculosis_detection/data/raw/Normal/Normal-1398.png,Normal,0,test
/home/user/Tuberculosis_detection/data/raw/Normal/Normal-1399.png,Normal,0,train
/home/user/Tuberculosis_detection/data/raw/Normal/Normal-14.png,Normal,0,train
/home/user/Tuberculosis_detection/data/raw/Normal/Normal-140.png,Normal,0,train
/home/user/Tuberculosis_detection/data/raw/Normal/Normal-1400.png,Normal,0,train
/home/user/Tuberculosis_detection/data/raw/Normal/Normal-1401.png,Normal,0,train
/home/user/Tuberculosis_detection/data/raw/Normal/Normal-1402.png,Normal,0,train
/home/user/Tuberculosis_detection/data/raw/Normal/Normal-1403.png,Normal,0,train
/home/user/Tuberculosis_detection/data/raw/Normal/Normal-1404.png,Normal,0,train
/home/user/Tuberculosis_detection/data/raw/Normal/Normal-1405.png,Normal,0,val
/home/user/Tuberculosis_detection/data/raw/Normal/Normal-1406.png,Normal,0,train
/home/user/Tuberculosis_detection/data/raw/Normal/Normal-1407.png,Normal,0,train
/home/user/Tuberculosis_detection/data/raw/Normal/Normal-1408.png,Normal,0,val
/home/user/Tuberculosis_detection/data/raw/Normal/Normal-1409.png,Normal,0,train
/home/user/Tuberculosis_detection/data/raw/Normal/Normal-141.png,Normal,0,train
/home/user/Tuberculosis_detection/data/raw/Normal/Normal-1410.png,Normal,0,train
/home/user/Tuberculosis_detection/data/raw/Normal/Normal-1411.png,Normal,0,val
/home/user/Tuberculosis_detection/data/raw/Normal/Normal-1412.png,Normal,0,train
/home/user/Tuberculosis_detection/data/raw/Normal/Normal-1413.png,Normal,0,train
/home/user/Tuberculosis_detection/data/raw/Normal/Normal-1414.png,Normal,0,train
/home/user/Tuberculosis_detection/data/raw/Normal/Normal-1415.png,Normal,0,test
/home/user/Tuberculosis_detection/data/raw/Normal/Normal-1416.png,Normal,0,train
/home/user/Tuberculosis_detection/data/raw/Normal/Normal-1417.png,Normal,0,train
/home/user/Tuberculosis_detection/data/raw/Normal/Normal-1418.png,Normal,0,test
/home/user/Tuberculosis_detection/data/raw/Normal/Normal-1419.png,Normal,0,train
/home/user/Tuberculosis_detection/data/raw/Normal/Normal-142.png,Normal,0,train
/home/user/Tuberculosis_detection/data/raw/Normal/Normal-1420.png,Normal,0,test
/home/user/Tuberculosis_detection/data/raw/Normal/Normal-1421.png,Normal,0,val
/home/user/Tuberculosis_detection/data/raw/Normal/Normal-1422.png,Normal,0,train
/home/user/Tuberculosis_detection/data/raw/Normal/Normal-1423.png,Normal,0,val
/home/user/Tuberculosis_detection/data/raw/Normal/Normal-1424.png,Normal,0,val
/home/user/Tuberculosis_detection/data/raw/Normal/Normal-1425.png,Normal,0,val
/home/user/Tuberculosis_detection/data/raw/Normal/Normal-1426.png,Normal,0,train
/home/user/Tuberculosis_detection/data/raw/Normal/Normal-1427.png,Normal,0,test
/home/user/Tuberculosis_detection/data/raw/Normal/Normal-1428.png,Normal,0,train
/home/user/Tuberculosis_detection/data/raw/Normal/Normal-1429.png,Normal,0,train
/home/user/Tuberculosis_detection/data/raw/Normal/Normal-143.png,Normal,0,train
/home/user/Tuberculosis_detection/data/raw/Normal/Normal-1430.png,Normal,0,train
/home/user/Tuberculosis_detection/data/raw/Normal/Normal-1431.png,Normal,0,train
/home/user/Tuberculosis_detection/data/raw/Normal/Normal-1432.png,Normal,0,train
/home/user/Tuberculosis_detection/data/raw/Normal/Normal-1433.png,Normal,0,train
/home/user/Tuberculosis_detection/data/raw/Normal/Normal-1434.png,Normal,0,val
/home/user/Tuberculosis_detection/data/raw/Normal/Normal-1435.png,Normal,0,train
/home/user/Tuberculosis_detection/data/raw/Normal/Normal-1436.png,Normal,0,train
/home/user/Tuberculosis_detection/data/raw/Normal/Normal-1437.png,Normal,0,val
/home/user/Tuberculosis_detection/data/raw/Normal/Normal-1438.png,Normal,0,val
/home/user/Tuberculosis_detection/data/raw/Normal/Normal-1439.png,Normal,0,val
/home/user/Tuberculosis_detection/data/raw/Normal/Normal-144.png,Normal,0,train
/home/user/Tuberculosis_detection/data/raw/Normal/Normal-1440.png,Normal,0,train
/home/user/Tuberculosis_detection/data/raw/Normal/Normal-1441.png,Normal,0,test
/home/user/Tuberculosis_detection/data/raw/Normal/Normal-1442.png,Normal,0,train
/home/user/Tuberculosis_detection/data/raw/Normal/Normal-1443.png,Normal,0,train
/home/user/Tuberculosis_detection/data/raw/Normal/Normal-1444.png,Normal,0,train
/home/user/Tuberculosis_detection/data/raw/Normal/Normal-1445.png,Normal,0,val
/home/user/Tuberculosis_detection/data/raw/Normal/Normal-1446.png,Normal,0,train
/home/user/Tuberculosis_detection/data/raw/Normal/Normal-1447.png,Normal,0,train
/home/user/Tuberculosis_detection/data/raw/Normal/Normal-1448.png,Normal,0,train
/home/user/Tuberculosis_detection/data/raw/Normal/Normal-1449.png,Normal,0,train
/home/user/Tuberculosis_detection/data/raw/Normal/Normal-145.png,Normal,0,train
/home/user/Tuberculosis_detection/data/raw/Normal/Normal-1450.png,Normal,0,val
/home/user/Tuberculosis_detection/data/raw/Normal/Normal-1451.png,Normal,0,train
/home/user/Tuberculosis_detection/data/raw/Normal/Normal-1452.png,Normal,0,train
/home/user/Tuberculosis_detection/data/raw/Normal/Normal-1453.png,Normal,0,train
/home/user/Tuberculosis_detection/data/raw/Normal/Normal-1454.png,Normal,0,train
/home/user/Tuberculosis_detection/data/raw/Normal/Normal-1455.png,Normal,0,train
/home/user/Tuberculosis_detection/data/raw/Normal/Normal-1456.png,Normal,0,val
/home/user/Tuberculosis_detection/data/raw/Normal/Normal-1457.png,Normal,0,val
/home/user/Tuberculosis_detection/data/raw/Normal/Normal-1458.png,Normal,0,val
/home/user/Tuberculosis_detection/data/raw/Normal/Normal-1459.png,Normal,0,val
/home/user/Tuberculosis_detection/data/raw/Normal/Normal-146.png,Normal,0,val
/home/user/Tuberculosis_detection/data/raw/Normal/Normal-1460.png,Normal,0,train
/home/user/Tuberculosis_detection/data/raw/Normal/Normal-1461.png,Normal,0,train
/home/user/Tuberculosis_detection/data/raw/Normal/Normal-1462.png,Normal,0,val
/home/user/Tuberculosis_detection/data/raw/Normal/Normal-1463.png,Normal,0,train
/home/user/Tuberculosis_detection/data/raw/Normal/Normal-1464.png,Normal,0,test
/home/user/Tuberculosis_detection/data/raw/Normal/Normal-1465.png,Normal,0,train
/home/user/Tuberculosis_detection/data/raw/Normal/Normal-1466.png,Normal,0,train
/home/user/Tuberculosis_detection/data/raw/Normal/Normal-1467.png,Normal,0,val
/home/user/Tuberculosis_detection/data/raw/Normal/Normal-1468.png,Normal,0,val
/home/user/Tuberculosis_detection/data/raw/Normal/Normal-1469.png,Normal,0,train
/home/user/Tuberculosis_detection/data/raw/Normal/Normal-147.png,Normal,0,train
/home/user/Tuberculosis_detection/data/raw/Normal/Normal-1470.png,Normal,0,test
/home/user/Tuberculosis_detection/data/raw/Normal/Normal-1471.png,Normal,0,train
/home/user/Tuberculosis_detection/data/raw/Normal/Normal-1472.png,Normal,0,train
/home/user/Tuberculosis_detection/data/raw/Normal/Normal-1473.png,Normal,0,train
/home/user/Tuberculosis_detection/data/raw/Normal/Normal-1474.png,Normal,0,train
/home/user/Tuberculosis_detection/data/raw/Normal/Normal-1475.png,Normal,0,train
/home/user/Tuberculosis_detection/data/raw/Normal/Normal-1476.png,Normal,0,train
/home/user/Tuberculosis_detection/data/raw/Normal/Normal-1477.png,Normal,0,train
/home/user/Tuberculosis_detection/data/raw/Normal/Normal-1478.png,Normal,0,train
/home/user/Tuberculosis_detection/data/raw/Normal/Normal-1479.png,Normal,0,train
/home/user/Tuberculosis_detection/data/raw/Normal/Normal-148.png,Normal,0,train
/home/user/Tuberculosis_detection/data/raw/Normal/Normal-1480.png,Normal,0,train
/home/user/Tuberculosis_detection/data/raw/Normal/Normal-1481.png,Normal,0,train
/home/user/Tuberculosis_detection/data/raw/Normal/Normal-1482.png,Normal,0,test
/home/user/Tuberculosis_detection/data/raw/Normal/Normal-1483.png,Normal,0,train
/home/user/Tuberculosis_detection/data/raw/Normal/Normal-1484.png,Normal,0,train
/home/user/Tuberculosis_detection/data/raw/Normal/Normal-1485.png,Normal,0,val
/home/user/Tuberculosis_detection/data/raw/Normal/Normal-1486.png,Normal,0,train
/home/user/Tuberculosis_detection/data/raw/Normal/Normal-1487.png,Normal,0,train
/home/user/Tuberculosis_detection/data/raw/Normal/Normal-1488.png,Normal,0,train
/home/user/Tuberculosis_detection/data/raw/Normal/Normal-1489.png,Normal,0,train
/home/user/Tuberculosis_detection/data/raw/Normal/Normal-149.png,Normal,0,train
/home/user/Tuberculosis_detection/data/raw/Normal/Normal-1490.png,Normal,0,test
/home/user/Tuberculosis_detection/data/raw/Normal/Normal-1491.png,Normal,0,train
/home/user/Tuberculosis_detection/data/raw/Normal/Normal-1492.png,Normal,0,train
/home/user/Tuberculosis_detection/data/raw/Normal/Normal-1493.png,Normal,0,train
/home/user/Tuberculosis_detection/data/raw/Normal/Normal-1494.png,Normal,0,test
/home/user/Tuberculosis_detection/data/raw/Normal/Normal-1495.png,Normal,0,train
/home/user/Tuberculosis_detection/data/raw/Normal/Normal-1496.png,Normal,0,train
/home/user/Tuberculosis_detection/data/raw/Normal/Normal-1497.png,Normal,0,train
/home/user/Tuberculosis_detection/data/raw/Normal/Normal-1498.png,Normal,0,train
/home/user/Tuberculosis_detection/data/raw/Normal/Normal-1499.png,Normal,0,train
/home/user/Tuberculosis_detection/data/raw/Normal/Normal-15.png,Normal,0,val
/home/user/Tuberculosis_detection/data/raw/Normal/Normal-150.png,Normal,0,train
/home/user/Tuberculosis_detection/data/raw/Normal/Normal-1500.png,Normal,0,train
/home/user/Tuberculosis_detection/data/raw/Normal/Normal-1501.png,Normal,0,val
/home/user/Tuberculosis_detection/data/raw/Normal/Normal-1502.png,Normal,0,train
/home/user/Tuberculosis_detection/data/raw/Normal/Normal-1503.png,Normal,0,train
/home/user/Tuberculosis_detection/data/raw/Normal/Normal-1504.png,Normal,0,test
/home/user/Tuberculosis_detection/data/raw/Normal/Normal-1505.png,Normal,0,val
/home/user/Tuberculosis_detection/data/raw/Normal/Normal-1506.png,Normal,0,test
/home/user/Tuberculosis_detection/data/raw/Normal/Normal-1507.png,Normal,0,val
/home/user/Tuberculosis_detection/data/raw/Normal/Normal-1508.png,Normal,0,train
/home/user/Tuberculosis_detection/data/raw/Normal/Normal-1509.png,Normal,0,train
/home/user/Tuberculosis_detection/data/raw/Normal/Normal-151.png,Normal,0,train
/home/user/Tuberculosis_detection/data/raw/Normal/Normal-1510.png,Normal,0,test
/home/user/Tuberculosis_detection/data/raw/Normal/Normal-1511.png,Normal,0,train
/home/user/Tuberculosis_detection/data/raw/Normal/Normal-1512.png,Normal,0,train
/home/user/Tuberculosis_detection/data/raw/Normal/Normal-1513.png,Normal,0,train
/home/user/Tuberculosis_detection/data/raw/Normal/Normal-1514.png,Normal,0,train
/home/user/Tuberculosis_detection/data/raw/Normal/Normal-1515.png,Normal,0,val
/home/user/Tuberculosis_detection/data/raw/Normal/Normal-1516.png,Normal,0,train
/home/user/Tuberculosis_detection/data/raw/Normal/Normal-1517.png,Normal,0,train
/home/user/Tuberculosis_detection/data/raw/Normal/Normal-1518.png,Normal,0,test
/home/user/Tuberculosis_detection/data/raw/Normal/Normal-1519.png,Normal,0,train
/home/user/Tuberculosis_detection/data/raw/Normal/Normal-152.png,Normal,0,train
/home/user/Tuberculosis_detection/data/raw/Normal/Normal-1520.png,Normal,0,test
/home/user/Tuberculosis_detection/data/raw/Normal/Normal-1521.png,Normal,0,train
/home/user/Tuberculosis_detection/data/raw/Normal/Normal-1522.png,Normal,0,train
/home/user/Tuberculosis_detection/data/raw/Normal/Normal-1523.png,Normal,0,train
/home/user/Tuberculosis_detection/data/raw/Normal/Normal-1524.png,Normal,0,train
/home/user/Tuberculosis_detection/data/raw/Normal/Normal-1525.png,Normal,0,train
/home/user/Tuberculosis_detection/data/raw/Normal/Normal-1526.png,Normal,0,test
/home/user/Tuberculosis_detection/data/raw/Normal/Normal-1527.png,Normal,0,train
/home/user/Tuberculosis_detection/data/raw/Normal/Normal-1528.png,Normal,0,train
/home/user/Tuberculosis_detection/data/raw/Normal/Normal-1529.png,Normal,0,train
/home/user/Tuberculosis_detection/data/raw/Normal/Normal-153.png,Normal,0,train
/home/user/Tuberculosis_detection/data/raw/Normal/Normal-1530.png,Normal,0,train
/home/user/Tuberculosis_detection/data/raw/Normal/Normal-1531.png,Normal,0,test
/home/user/Tuberculosis_detection/data/raw/Normal/Normal-1532.png,Normal,0,train
/home/user/Tuberculosis_detection/data/raw/Normal/Normal-1533.png,Normal,0,train
/home/user/Tuberculosis_detection/data/raw/Normal/Normal-1534.png,Normal,0,train
/home/user/Tuberculosis_detection/data/raw/Normal/Normal-1535.png,Normal,0,train
/home/user/Tuberculosis_detection/data/raw/Normal/Normal-1536.png,Normal,0,train
/home/user/Tuberculosis_detection/data/raw/Normal/Normal-1537.png,Normal,0,train
/home/user/Tuberculosis_detection/data/raw/Normal/Normal-1538.png,Normal,0,train
/home/user/Tuberculosis_detection/data/raw/Normal/Normal-1539.png,Normal,0,val
/home/user/Tuberculosis_detection/data/raw/Normal/Normal-154.png,Normal,0,train
/home/user/Tuberculosis_detection/data/raw/Normal/Normal-1540.png,Normal,0,train
/home/user/Tuberculosis_detection/data/raw/Normal/Normal-1541.png,Normal,0,train
/home/user/Tuberculosis_detection/data/raw/Normal/Normal-1542.png,Normal,0,train
/home/user/Tuberculosis_detection/data/raw/Normal/Normal-1543.png,Normal,0,train
/home/user/Tuberculosis_detection/data/raw/Normal/Normal-1544.png,Normal,0,val
/home/user/Tuberculosis_detection/data/raw/Normal/Normal-1545.png,Normal,0,train
/home/user/Tuberculosis_detection/data/raw/Normal/Normal-1546.png,Normal,0,val
/home/user/Tuberculosis_detection/data/raw/Normal/Normal-1547.png,Normal,0,train
/home/user/Tuberculosis_detection/data/raw/Normal/Normal-1548.png,Normal,0,train
/home/user/Tuberculosis_detection/data/raw/Normal/Normal-1549.png,Normal,0,train
/home/user/Tuberculosis_detection/data/raw/Normal/Normal-155.png,Normal,0,test
/home/user/Tuberculosis_detection/data/raw/Normal/Normal-1550.png,Normal,0,train
/home/user/Tuberculosis_detection/data/raw/Normal/Normal-1551.png,Normal,0,train
/home/user/Tuberculosis_detection/data/raw/Normal/Normal-1552.png,Normal,0,train
/home/user/Tuberculosis_detection/data/raw/Normal/Normal-1553.png,Normal,0,train
/home/user/Tuberculosis_detection/data/raw/Normal/Normal-1554.png,Normal,0,train
/home/user/Tuberculosis_detection/data/raw/Normal/Normal-1555.png,Normal,0,train
/home/user/Tuberculosis_detection/data/raw/Normal/Normal-1556.png,Normal,0,train
/home/user/Tuberculosis_detection/data/raw/Normal/Normal-1557.png,Normal,0,train
/home/user/Tuberculosis_detection/data/raw/Normal/Normal-1558.png,Normal,0,train
/home/user/Tuberculosis_detection/data/raw/Normal/Normal-1559.png,Normal,0,train
/home/user/Tuberculosis_detection/data/raw/Normal/Normal-156.png,Normal,0,test
/home/user/Tuberculosis_detection/data/raw/Normal/Normal-1560.png,Normal,0,train
/home/user/Tuberculosis_detection/data/raw/Normal/Normal-1561.png,Normal,0,val
/home/user/Tuberculosis_detection/data/raw/Normal/Normal-1562.png,Normal,0,train
/home/user/Tuberculosis_detection/data/raw/Normal/Normal-1563.png,Normal,0,test
/home/user/Tuberculosis_detection/data/raw/Normal/Normal-1564.png,Normal,0,train
/home/user/Tuberculosis_detection/data/raw/Normal/Normal-1565.png,Normal,0,train
/home/user/Tuberculosis_detection/data/raw/Normal/Normal-1566.png,Normal,0,train
/home/user/Tuberculosis_detection/data/raw/Normal/Normal-1567.png,Normal,0,train
/home/user/Tuberculosis_detection/data/raw/Normal/Normal-1568.png,Normal,0,val
/home/user/Tuberculosis_detection/data/raw/Normal/Normal-1569.png,Normal,0,test
/home/user/Tuberculosis_detection/data/raw/Normal/Normal-157.png,Normal,0,train
/home/user/Tuberculosis_detection/data/raw/Normal/Normal-1570.png,Normal,0,val
/home/user/Tuberculosis_detection/data/raw/Normal/Normal-1571.png,Normal,0,train
/home/user/Tuberculosis_detection/data/raw/Normal/Normal-1572.png,Normal,0,train
/home/user/Tuberculosis_detection/data/raw/Normal/Normal-1573.png,Normal,0,train
/home/user/Tuberculosis_detection/data/raw/Normal/Normal-1574.png,Normal,0,val
/home/user/Tuberculosis_detection/data/raw/Normal/Normal-1575.png,Normal,0,test
/home/user/Tuberculosis_detection/data/raw/Normal/Normal-1576.png,Normal,0,test
/home/user/Tuberculosis_detection/data/raw/Normal/Normal-1577.png,Normal,0,val
/home/user/Tuberculosis_detection/data/raw/Normal/Normal-1578.png,Normal,0,train
/home/user/Tuberculosis_detection/data/raw/Normal/Normal-1579.png,Normal,0,train
/home/user/Tuberculosis_detection/data/raw/Normal/Normal-158.png,Normal,0,val
/home/user/Tuberculosis_detection/data/raw/Normal/Normal-1580.png,Normal,0,test
/home/user/Tuberculosis_detection/data/raw/Normal/Normal-1581.png,Normal,0,test
/home/user/Tuberculosis_detection/data/raw/Normal/Normal-1582.png,Normal,0,test
/home/user/Tuberculosis_detection/data/raw/Normal/Normal-1583.png,Normal,0,train
/home/user/Tuberculosis_detection/data/raw/Normal/Normal-1584.png,Normal,0,train
/home/user/Tuberculosis_detection/data/raw/Normal/Normal-1585.png,Normal,0,train
/home/user/Tuberculosis_detection/data/raw/Normal/Normal-1586.png,Normal,0,train
/home/user/Tuberculosis_detection/data/raw/Normal/Normal-1587.png,Normal,0,test
/home/user/Tuberculosis_detection/data/raw/Normal/Normal-1588.png,Normal,0,train
/home/user/Tuberculosis_detection/data/raw/Normal/Normal-1589.png,Normal,0,val
/home/user/Tuberculosis_detection/data/raw/Normal/Normal-159.png,Normal,0,val
/home/user/Tuberculosis_detection/data/raw/Normal/Normal-1590.png,Normal,0,train
/home/user/Tuberculosis_detection/data/raw/Normal/Normal-1591.png,Normal,0,val
/home/user/Tuberculosis_detection/data/raw/Normal/Normal-1592.png,Normal,0,test
/home/user/Tuberculosis_detection/data/raw/Normal/Normal-1593.png,Normal,0,train
/home/user/Tuberculosis_detection/data/raw/Normal/Normal-1594.png,Normal,0,train
/home/user/Tuberculosis_detection/data/raw/Normal/Normal-1595.png,Normal,0,train
/home/user/Tuberculosis_detection/data/raw/Normal/Normal-1596.png,Normal,0,test
/home/user/Tuberculosis_detection/data/raw/Normal/Normal-1597.png,Normal,0,train
/home/user/Tuberculosis_detection/data/raw/Normal/Normal-1598.png,Normal,0,train
/home/user/Tuberculosis_detection/data/raw/Normal/Normal-1599.png,Normal,0,train
/home/user/Tuberculosis_detection/data/raw/Normal/Normal-16.png,Normal,0,train
/home/user/Tuberculosis_detection/data/raw/Normal/Normal-160.png,Normal,0,train
/home/user/Tuberculosis_detection/data/raw/Normal/Normal-1600.png,Normal,0,train
/home/user/Tuberculosis_detection/data/raw/Normal/Normal-1601.png,Normal,0,train
/home/user/Tuberculosis_detection/data/raw/Normal/Normal-1602.png,Normal,0,train
/home/user/Tuberculosis_detection/data/raw/Normal/Normal-1603.png,Normal,0,train
/home/user/Tuberculosis_detection/data/raw/Normal/Normal-1604.png,Normal,0,train
/home/user/Tuberculosis_detection/data/raw/Normal/Normal-1605.png,Normal,0,train
/home/user/Tuberculosis_detection/data/raw/Normal/Normal-1606.png,Normal,0,train
/home/user/Tuberculosis_detection/data/raw/Normal/Normal-1607.png,Normal,0,train
/home/user/Tuberculosis_detection/data/raw/Normal/Normal-1608.png,Normal,0,train
/home/user/Tuberculosis_detection/data/raw/Normal/Normal-1609.png,Normal,0,train
/home/user/Tuberculosis_detection/data/raw/Normal/Normal-161.png,Normal,0,train
/home/user/Tuberculosis_detection/data/raw/Normal/Normal-1610.png,Normal,0,train
/home/user/Tuberculosis_detection/data/raw/Normal/Normal-1611.png,Normal,0,val
/home/user/Tuberculosis_detection/data/raw/Normal/Normal-1612.png,Normal,0,train
/home/user/Tuberculosis_detection/data/raw/Normal/Normal-1613.png,Normal,0,test
/home/user/Tuberculosis_detection/data/raw/Normal/Normal-1614.png,Normal,0,val
/home/user/Tuberculosis_detection/data/raw/Normal/Normal-1615.png,Normal,0,test
/home/user/Tuberculosis_detection/data/raw/Normal/Normal-1616.png,Normal,0,test
/home/user/Tuberculosis_detection/data/raw/Normal/Normal-1617.png,Normal,0,test
/home/user/Tuberculosis_detection/data/raw/Normal/Normal-1618.png,Normal,0,train
/home/user/Tuberculosis_detection/data/raw/Normal/Normal-1619.png,Normal,0,test
/home/user/Tuberculosis_detection/data/raw/Normal/Normal-162.png,Normal,0,train
/home/user/Tuberculosis_detection/data/raw/Normal/Normal-1620.png,Normal,0,train
/home/user/Tuberculosis_detection/data/raw/Normal/Normal-1621.png,Normal,0,train
/home/user/Tuberculosis_detection/data/raw/Normal/Normal-1622.png,Normal,0,train
/home/user/Tuberculosis_detection/data/raw/Normal/Normal-1623.png,Normal,0,train
/home/user/Tuberculosis_detection/data/raw/Normal/Normal-1624.png,Normal,0,train
/home/user/Tuberculosis_detection/data/raw/Normal/Normal-1625.png,Normal,0,val
/home/user/Tuberculosis_detection/data/raw/Normal/Normal-1626.png,Normal,0,train
/home/user/Tuberculosis_detection/data/raw/Normal/Normal-1627.png,Normal,0,val
/home/user/Tuberculosis_detection/data/raw/Normal/Normal-1628.png,Normal,0,test
/home/user/Tuberculosis_detection/data/raw/Normal/Normal-1629.png,Normal,0,train
/home/user/Tuberculosis_detection/data/raw/Normal/Normal-163.png,Normal,0,train
/home/user/Tuberculosis_detection/data/raw/Normal/Normal-1630.png,Normal,0,test
/home/user/Tuberculosis_detection/data/raw/Normal/Normal-1631.png,Normal,0,val
/home/user/Tuberculosis_detection/data/raw/Normal/Normal-1632.png,Normal,0,train
/home/user/Tuberculosis_detection/data/raw/Normal/Normal-1633.png,Normal,0,train
/home/user/Tuberculosis_detection/data/raw/Normal/Normal-1634.png,Normal,0,train
/home/user/Tuberculosis_detection/data/raw/Normal/Normal-1635.png,Normal,0,train
/home/user/Tuberculosis_detection/data/raw/Normal/Normal-1636.png,Normal,0,train
/home/user/Tuberculosis_detection/data/raw/Normal/Normal-1637.png,Normal,0,test
/home/user/Tuberculosis_detection/data/raw/Normal/Normal-1638.png,Normal,0,train
/home/user/Tuberculosis_detection/data/raw/Normal/Normal-1639.png,Normal,0,train
/home/user/Tuberculosis_detection/data/raw/Normal/Normal-164.png,Normal,0,train
/home/user/Tuberculosis_detection/data/raw/Normal/Normal-1640.png,Normal,0,train
/home/user/Tuberculosis_detection/data/raw/Normal/Normal-1641.png,Normal,0,train
/home/user/Tuberculosis_detection/data/raw/Normal/Normal-1642.png,Normal,0,train
/home/user/Tuberculosis_detection/data/raw/Normal/Normal-1643.png,Normal,0,train
/home/user/Tuberculosis_detection/data/raw/Normal/Normal-1644.png,Normal,0,train
/home/user/Tuberculosis_detection/data/raw/Normal/Normal-1645.png,Normal,0,train
/home/user/Tuberculosis_detection/data/raw/Normal/Normal-1646.png,Normal,0,val
/home/user/Tuberculosis_detection/data/raw/Normal/Normal-1647.png,Normal,0,train
/home/user/Tuberculosis_detection/data/raw/Normal/Normal-1648.png,Normal,0,train
/home/user/Tuberculosis_detection/data/raw/Normal/Normal-1649.png,Normal,0,train
/home/user/Tuberculosis_detection/data/raw/Normal/Normal-165.png,Normal,0,train
/home/user/Tuberculosis_detection/data/raw/Normal/Normal-1650.png,Normal,0,train
/home/user/Tuberculosis_detection/data/raw/Normal/Normal-1651.png,Normal,0,test
/home/user/Tuberculosis_detection/data/raw/Normal/Normal-1652.png,Normal,0,test
/home/user/Tuberculosis_detection/data/raw/Normal/Normal-1653.png,Normal,0,train
/home/user/Tuberculosis_detection/data/raw/Normal/Normal-1654.png,Normal,0,train
/home/user/Tuberculosis_detection/data/raw/Normal/Normal-1655.png,Normal,0,test
/home/user/Tuberculosis_detection/data/raw/Normal/Normal-1656.png,Normal,0,train
/home/user/Tuberculosis_detection/data/raw/Normal/Normal-1657.png,Normal,0,train
/home/user/Tuberculosis_detection/data/raw/Normal/Normal-1658.png,Normal,0,train
/home/user/Tuberculosis_detection/data/raw/Normal/Normal-1659.png,Normal,0,train
/home/user/Tuberculosis_detection/data/raw/Normal/Normal-166.png,Normal,0,train
/home/user/Tuberculosis_detection/data/raw/Normal/Normal-1660.png,Normal,0,train
/home/user/Tuberculosis_detection/data/raw/Normal/Normal-1661.png,Normal,0,train
/home/user/Tuberculosis_detection/data/raw/Normal/Normal-1662.png,Normal,0,train
/home/user/Tuberculosis_detection/data/raw/Normal/Normal-1663.png,Normal,0,train
/home/user/Tuberculosis_detection/data/raw/Normal/Normal-1664.png,Normal,0,train
/home/user/Tuberculosis_detection/data/raw/Normal/Normal-1665.png,Normal,0,val
/home/user/Tuberculosis_detection/data/raw/Normal/Normal-1666.png,Normal,0,train
/home/user/Tuberculosis_detection/data/raw/Normal/Normal-1667.png,Normal,0,test
/home/user/Tuberculosis_detection/data/raw/Normal/Normal-1668.png,Normal,0,train
/home/user/Tuberculosis_detection/data/raw/Normal/Normal-1669.png,Normal,0,train
/home/user/Tuberculosis_detection/data/raw/Normal/Normal-167.png,Normal,0,train
/home/user/Tuberculosis_detection/data/raw/Normal/Normal-1670.png,Normal,0,train
/home/user/Tuberculosis_detection/data/raw/Normal/Normal-1671.png,Normal,0,test
/home/user/Tuberculosis_detection/data/raw/Normal/Normal-1672.png,Normal,0,val
/home/user/Tuberculosis_detection/data/raw/Normal/Normal-1673.png,Normal,0,val
/home/user/Tuberculosis_detection/data/raw/Normal/Normal-1674.png,Normal,0,train
/home/user/Tuberculosis_detection/data/raw/Normal/Normal-1675.png,Normal,0,val
/home/user/Tuberculosis_detection/data/raw/Normal/Normal-1676.png,Normal,0,train
/home/user/Tuberculosis_detection/data/raw/Normal/Normal-1677.png,Normal,0,train
/home/user/Tuberculosis_detection/data/raw/Normal/Normal-1678.png,Normal,0,train
/home/user/Tuberculosis_detection/data/raw/Normal/Normal-1679.png,Normal,0,train
/home/user/Tuberculosis_detection/data/raw/Normal/Normal-168.png,Normal,0,train
/home/user/Tuberculosis_detection/data/raw/Normal/Normal-1680.png,Normal,0,train
/home/user/Tuberculosis_detection/data/raw/Normal/Normal-1681.png,Normal,0,test
/home/user/Tuberculosis_detection/data/raw/Normal/Normal-1682.png,Normal,0,train
/home/user/Tuberculosis_detection/data/raw/Normal/Normal-1683.png,Normal,0,train
/home/user/Tuberculosis_detection/data/raw/Normal/Normal-1684.png,Normal,0,test
/home/user/Tuberculosis_detection/data/raw/Normal/Normal-1685.png,Normal,0,train
/home/user/Tuberculosis_detection/data/raw/Normal/Normal-1686.png,Normal,0,test
/home/user/Tuberculosis_detection/data/raw/Normal/Normal-1687.png,Normal,0,train
/home/user/Tuberculosis_detection/data/raw/Normal/Normal-1688.png,Normal,0,train
/home/user/Tuberculosis_detection/data/raw/Normal/Normal-1689.png,Normal,0,test
/home/user/Tuberculosis_detection/data/raw/Normal/Normal-169.png,Normal,0,train
/home/user/Tuberculosis_detection/data/raw/Normal/Normal-1690.png,Normal,0,val
/home/user/Tuberculosis_detection/data/raw/Normal/Normal-1691.png,Normal,0,val
/home/user/Tuberculosis_detection/data/raw/Normal/Normal-1692.png,Normal,0,train
/home/user/Tuberculosis_detection/data/raw/Normal/Normal-1693.png,Normal,0,train
/home/user/Tuberculosis_detection/data/raw/Normal/Normal-1694.png,Normal,0,train
/home/user/Tuberculosis_detection/data/raw/Normal/Normal-1695.png,Normal,0,val
/home/user/Tuberculosis_detection/data/raw/Normal/Normal-1696.png,Normal,0,train
/home/user/Tuberculosis_detection/data/raw/Normal/Normal-1697.png,Normal,0,val
/home/user/Tuberculosis_detection/data/raw/Normal/Normal-1698.png,Normal,0,val
/home/user/Tuberculosis_detection/data/raw/Normal/Normal-1699.png,Normal,0,train
/home/user/Tuberculosis_detection/data/raw/Normal/Normal-17.png,Normal,0,train
/home/user/Tuberculosis_detection/data/raw/Normal/Normal-170.png,Normal,0,val
/home/user/Tuberculosis_detection/data/raw/Normal/Normal-1700.png,Normal,0,train
/home/user/Tuberculosis_detection/data/raw/Normal/Normal-1701.png,Normal,0,train
/home/user/Tuberculosis_detection/data/raw/Normal/Normal-1702.png,Normal,0,train
/home/user/Tuberculosis_detection/data/raw/Normal/Normal-1703.png,Normal,0,train
/home/user/Tuberculosis_detection/data/raw/Normal/Normal-1704.png,Normal,0,test
/home/user/Tuberculosis_detection/data/raw/Normal/Normal-1705.png,Normal,0,train
/home/user/Tuberculosis_detection/data/raw/Normal/Normal-1706.png,Normal,0,train
/home/user/Tuberculosis_detection/data/raw/Normal/Normal-1707.png,Normal,0,train
/home/user/Tuberculosis_detection/data/raw/Normal/Normal-1708.png,Normal,0,train
/home/user/Tuberculosis_detection/data/raw/Normal/Normal-1709.png,Normal,0,test
/home/user/Tuberculosis_detection/data/raw/Normal/Normal-171.png,Normal,0,test
/home/user/Tuberculosis_detection/data/raw/Normal/Normal-1710.png,Normal,0,test
/home/user/Tuberculosis_detection/data/raw/Normal/Normal-1711.png,Normal,0,train
/home/user/Tuberculosis_detection/data/raw/Normal/Normal-1712.png,Normal,0,train
/home/user/Tuberculosis_detection/data/raw/Normal/Normal-1713.png,Normal,0,val
/home/user/Tuberculosis_detection/data/raw/Normal/Normal-1714.png,Normal,0,val
/home/user/Tuberculosis_detection/data/raw/Normal/Normal-1715.png,Normal,0,train
/home/user/Tuberculosis_detection/data/raw/Normal/Normal-1716.png,Normal,0,test
/home/user/Tuberculosis_detection/data/raw/Normal/Normal-1717.png,Normal,0,train
/home/user/Tuberculosis_detection/data/raw/Normal/Normal-1718.png,Normal,0,train
/home/user/Tuberculosis_detection/data/raw/Normal/Normal-1719.png,Normal,0,test
/home/user/Tuberculosis_detection/data/raw/Normal/Normal-172.png,Normal,0,val
/home/user/Tuberculosis_detection/data/raw/Normal/Normal-1720.png,Normal,0,train
/home/user/Tuberculosis_detection/data/raw/Normal/Normal-1721.png,Normal,0,train
/home/user/Tuberculosis_detection/data/raw/Normal/Normal-1722.png,Normal,0,test
/home/user/Tuberculosis_detection/data/raw/Normal/Normal-1723.png,Normal,0,test
/home/user/Tuberculosis_detection/data/raw/Normal/Normal-1724.png,Normal,0,train
/home/user/Tuberculosis_detection/data/raw/Normal/Normal-1725.png,Normal,0,train
/home/user/Tuberculosis_detection/data/raw/Normal/Normal-1726.png,Normal,0,train
/home/user/Tuberculosis_detection/data/raw/Normal/Normal-1727.png,Normal,0,train
/home/user/Tuberculosis_detection/data/raw/Normal/Normal-1728.png,Normal,0,train
/home/user/Tuberculosis_detection/data/raw/Normal/Normal-1729.png,Normal,0,train
/home/user/Tuberculosis_detection/data/raw/Normal/Normal-173.png,Normal,0,train
/home/user/Tuberculosis_detection/data/raw/Normal/Normal-1730.png,Normal,0,train
/home/user/Tuberculosis_detection/data/raw/Normal/Normal-1731.png,Normal,0,train
/home/user/Tuberculosis_detection/data/raw/Normal/Normal-1732.png,Normal,0,test
/home/user/Tuberculosis_detection/data/raw/Normal/Normal-1733.png,Normal,0,train
/home/user/Tuberculosis_detection/data/raw/Normal/Normal-1734.png,Normal,0,train
/home/user/Tuberculosis_detection/data/raw/Normal/Normal-1735.png,Normal,0,train
/home/user/Tuberculosis_detection/data/raw/Normal/Normal-1736.png,Normal,0,train
/home/user/Tuberculosis_detection/data/raw/Normal/Normal-1737.png,Normal,0,train
/home/user/Tuberculosis_detection/data/raw/Normal/Normal-1738.png,Normal,0,test
/home/user/Tuberculosis_detection/data/raw/Normal/Normal-1739.png,Normal,0,test
/home/user/Tuberculosis_detection/data/raw/Normal/Normal-174.png,Normal,0,train
/home/user/Tuberculosis_detection/data/raw/Normal/Normal-1740.png,Normal,0,train
/home/user/Tuberculosis_detection/data/raw/Normal/Normal-1741.png,Normal,0,train
/home/user/Tuberculosis_detection/data/raw/Normal/Normal-1742.png,Normal,0,train
/home/user/Tuberculosis_detection/data/raw/Normal/Normal-1743.png,Normal,0,test
/home/user/Tuberculosis_detection/data/raw/Normal/Normal-1744.png,Normal,0,train
/home/user/Tuberculosis_detection/data/raw/Normal/Normal-1745.png,Normal,0,train
/home/user/Tuberculosis_detection/data/raw/Normal/Normal-1746.png,Normal,0,val
/home/user/Tuberculosis_detection/data/raw/Normal/Normal-1747.png,Normal,0,test
/home/user/Tuberculosis_detection/data/raw/Normal/Normal-1748.png,Normal,0,train
/home/user/Tuberculosis_detection/data/raw/Normal/Normal-1749.png,Normal,0,val
/home/user/Tuberculosis_detection/data/raw/Normal/Normal-175.png,Normal,0,train
/home/user/Tuberculosis_detection/data/raw/Normal/Normal-1750.png,Normal,0,val
/home/user/Tuberculosis_detection/data/raw/Normal/Normal-1751.png,Normal,0,train
/home/user/Tuberculosis_detection/data/raw/Normal/Normal-1752.png,Normal,0,test
/home/user/Tuberculosis_detection/data/raw/Normal/Normal-1753.png,Normal,0,train
/home/user/Tuberculosis_detection/data/raw/Normal/Normal-1754.png,Normal,0,train
/home/user/Tuberculosis_detection/data/raw/Normal/Normal-1755.png,Normal,0,test
/home/user/Tuberculosis_detection/data/raw/Normal/Normal-1756.png,Normal,0,train
/home/user/Tuberculosis_detection/data/raw/Normal/Normal-1757.png,Normal,0,train
/home/user/Tuberculosis_detection/data/raw/Normal/Normal-1758.png,Normal,0,train
/home/user/Tuberculosis_detection/data/raw/Normal/Normal-1759.png,Normal,0,train
/home/user/Tuberculosis_detection/data/raw/Normal/Normal-176.png,Normal,0,train
/home/user/Tuberculosis_detection/data/raw/Normal/Normal-1760.png,Normal,0,train
/home/user/Tuberculosis_detection/data/raw/Normal/Normal-177.png,Normal,0,train
/home/user/Tuberculosis_detection/data/raw/Normal/Normal-178.png,Normal,0,train
/home/user/Tuberculosis_detection/data/raw/Normal/Normal-179.png,Normal,0,train
/home/user/Tuberculosis_detection/data/raw/Normal/Normal-18.png,Normal,0,train
/home/user/Tuberculosis_detection/data/raw/Normal/Normal-180.png,Normal,0,test
/home/user/Tuberculosis_detection/data/raw/Normal/Normal-181.png,Normal,0,train
/home/user/Tuberculosis_detection/data/raw/Normal/Normal-182.png,Normal,0,test
/home/user/Tuberculosis_detection/data/raw/Normal/Normal-183.png,Normal,0,val
/home/user/Tuberculosis_detection/data/raw/Normal/Normal-184.png,Normal,0,train
/home/user/Tuberculosis_detection/data/raw/Normal/Normal-185.png,Normal,0,test
/home/user/Tuberculosis_detection/data/raw/Normal/Normal-186.png,Normal,0,train
/home/user/Tuberculosis_detection/data/raw/Normal/Normal-187.png,Normal,0,train
/home/user/Tuberculosis_detection/data/raw/Normal/Normal-188.png,Normal,0,train
/home/user/Tuberculosis_detection/data/raw/Normal/Normal-189.png,Normal,0,test
/home/user/Tuberculosis_detection/data/raw/Normal/Normal-19.png,Normal,0,train
/home/user/Tuberculosis_detection/data/raw/Normal/Normal-190.png,Normal,0,train
/home/user/Tuberculosis_detection/data/raw/Normal/Normal-191.png,Normal,0,test
/home/user/Tuberculosis_detection/data/raw/Normal/Normal-192.png,Normal,0,train
/home/user/Tuberculosis_detection/data/raw/Normal/Normal-193.png,Normal,0,train
/home/user/Tuberculosis_detection/data/raw/Normal/Normal-194.png,Normal,0,test
/home/user/Tuberculosis_detection/data/raw/Normal/Normal-195.png,Normal,0,train
/home/user/Tuberculosis_detection/data/raw/Normal/Normal-196.png,Normal,0,train
/home/user/Tuberculosis_detection/data/raw/Normal/Normal-197.png,Normal,0,train
/home/user/Tuberculosis_detection/data/raw/Normal/Normal-198.png,Normal,0,val
/home/user/Tuberculosis_detection/data/raw/Normal/Normal-199.png,Normal,0,test
/home/user/Tuberculosis_detection/data/raw/Normal/Normal-2.png,Normal,0,train
/home/user/Tuberculosis_detection/data/raw/Normal/Normal-20.png,Normal,0,train
/home/user/Tuberculosis_detection/data/raw/Normal/Normal-200.png,Normal,0,train
/home/user/Tuberculosis_detection/data/raw/Normal/Normal-201.png,Normal,0,train
/home/user/Tuberculosis_detection/data/raw/Normal/Normal-202.png,Normal,0,test
/home/user/Tuberculosis_detection/data/raw/Normal/Normal-203.png,Normal,0,val
/home/user/Tuberculosis_detection/data/raw/Normal/Normal-204.png,Normal,0,test
/home/user/Tuberculosis_detection/data/raw/Normal/Normal-205.png,Normal,0,train
/home/user/Tuberculosis_detection/data/raw/Normal/Normal-206.png,Normal,0,val
/home/user/Tuberculosis_detection/data/raw/Normal/Normal-207.png,Normal,0,train
/home/user/Tuberculosis_detection/data/raw/Normal/Normal-208.png,Normal,0,train
/home/user/Tuberculosis_detection/data/raw/Normal/Normal-209.png,Normal,0,test
/home/user/Tuberculosis_detection/data/raw/Normal/Normal-21.png,Normal,0,train
/home/user/Tuberculosis_detection/data/raw/Normal/Normal-210.png,Normal,0,train
/home/user/Tuberculosis_detection/data/raw/Normal/Normal-211.png,Normal,0,train
/home/user/Tuberculosis_detection/data/raw/Normal/Normal-212.png,Normal,0,train
/home/user/Tuberculosis_detection/data/raw/Normal/Normal-213.png,Normal,0,train
/home/user/Tuberculosis_detection/data/raw/Normal/Normal-214.png,Normal,0,train
/home/user/Tuberculosis_detection/data/raw/Normal/Normal-215.png,Normal,0,train
/home/user/Tuberculosis_detection/data/raw/Normal/Normal-216.png,Normal,0,val
/home/user/Tuberculosis_detection/data/raw/Normal/Normal-217.png,Normal,0,train
/home/user/Tuberculosis_detection/data/raw/Normal/Normal-218.png,Normal,0,train
/home/user/Tuberculosis_detection/data/raw/Normal/Normal-219.png,Normal,0,train
/home/user/Tuberculosis_detection/data/raw/Normal/Normal-22.png,Normal,0,test
/home/user/Tuberculosis_detection/data/raw/Normal/Normal-220.png,Normal,0,test
/home/user/Tuberculosis_detection/data/raw/Normal/Normal-221.png,Normal,0,val
/home/user/Tuberculosis_detection/data/raw/Normal/Normal-222.png,Normal,0,train
/home/user/Tuberculosis_detection/data/raw/Normal/Normal-223.png,Normal,0,train
/home/user/Tuberculosis_detection/data/raw/Normal/Normal-224.png,Normal,0,train
/home/user/Tuberculosis_detection/data/raw/Normal/Normal-225.png,Normal,0,train
/home/user/Tuberculosis_detection/data/raw/Normal/Normal-226.png,Normal,0,test
/home/user/Tuberculosis_detection/data/raw/Normal/Normal-227.png,Normal,0,train
/home/user/Tuberculosis_detection/data/raw/Normal/Normal-228.png,Normal,0,train
/home/user/Tuberculosis_detection/data/raw/Normal/Normal-229.png,Normal,0,train
/home/user/Tuberculosis_detection/data/raw/Normal/Normal-23.png,Normal,0,train
/home/user/Tuberculosis_detection/data/raw/Normal/Normal-230.png,Normal,0,train
/home/user/Tuberculosis_detection/data/raw/Normal/Normal-231.png,Normal,0,train
/home/user/Tuberculosis_detection/data/raw/Normal/Normal-232.png,Normal,0,train
/home/user/Tuberculosis_detection/data/raw/Normal/Normal-233.png,Normal,0,train
/home/user/Tuberculosis_detection/data/raw/Normal/Normal-234.png,Normal,0,val
/home/user/Tuberculosis_detection/data/raw/Normal/Normal-235.png,Normal,0,train
/home/user/Tuberculosis_detection/data/raw/Normal/Normal-236.png,Normal,0,test
/home/user/Tuberculosis_detection/data/raw/Normal/Normal-237.png,Normal,0,train
/home/user/Tuberculosis_detection/data/raw/Normal/Normal-238.png,Normal,0,train
/home/user/Tuberculosis_detection/data/raw/Normal/Normal-239.png,Normal,0,train
/home/user/Tuberculosis_detection/data/raw/Normal/Normal-24.png,Normal,0,train
/home/user/Tuberculosis_detection/data/raw/Normal/Normal-240.png,Normal,0,train
/home/user/Tuberculosis_detection/data/raw/Normal/Normal-241.png,Normal,0,train
/home/user/Tuberculosis_detection/data/raw/Normal/Normal-242.png,Normal,0,test
/home/user/Tuberculosis_detection/data/raw/Normal/Normal-243.png,Normal,0,train
/home/user/Tuberculosis_detection/data/raw/Normal/Normal-244.png,Normal,0,train
/home/user/Tuberculosis_detection/data/raw/Normal/Normal-245.png,Normal,0,train
/home/user/Tuberculosis_detection/data/raw/Normal/Normal-246.png,Normal,0,train
/home/user/Tuberculosis_detection/data/raw/Normal/Normal-247.png,Normal,0,train
/home/user/Tuberculosis_detection/data/raw/Normal/Normal-248.png,Normal,0,train
/home/user/Tuberculosis_detection/data/raw/Normal/Normal-249.png,Normal,0,val
/home/user/Tuberculosis_detection/data/raw/Normal/Normal-25.png,Normal,0,val
/home/user/Tuberculosis_detection/data/raw/Normal/Normal-250.png,Normal,0,val
/home/user/Tuberculosis_detection/data/raw/Normal/Normal-251.png,Normal,0,train
/home/user/Tuberculosis_detection/data/raw/Normal/Normal-252.png,Normal,0,train
/home/user/Tuberculosis_detection/data/raw/Normal/Normal-253.png,Normal,0,train
/home/user/Tuberculosis_detection/data/raw/Normal/Normal-254.png,Normal,0,train
/home/user/Tuberculosis_detection/data/raw/Normal/Normal-255.png,Normal,0,train
/home/user/Tuberculosis_detection/data/raw/Normal/Normal-256.png,Normal,0,test
/home/user/Tuberculosis_detection/data/raw/Normal/Normal-257.png,Normal,0,train
/home/user/Tuberculosis_detection/data/raw/Normal/Normal-258.png,Normal,0,train
/home/user/Tuberculosis_detection/data/raw/Normal/Normal-259.png,Normal,0,train
/home/user/Tuberculosis_detection/data/raw/Normal/Normal-26.png,Normal,0,train
/home/user/Tuberculosis_detection/data/raw/Normal/Normal-260.png,Normal,0,train
/home/user/Tuberculosis_detection/data/raw/Normal/Normal-261.png,Normal,0,train
/home/user/Tuberculosis_detection/data/raw/Normal/Normal-262.png,Normal,0,train
/home/user/Tuberculosis_detection/data/raw/Normal/Normal-263.png,Normal,0,train
/home/user/Tuberculosis_detection/data/raw/Normal/Normal-264.png,Normal,0,train
/home/user/Tuberculosis_detection/data/raw/Normal/Normal-265.png,Normal,0,train
/home/user/Tuberculosis_detection/data/raw/Normal/Normal-266.png,Normal,0,train
/home/user/Tuberculosis_detection/data/raw/Normal/Normal-267.png,Normal,0,train
/home/user/Tuberculosis_detection/data/raw/Normal/Normal-268.png,Normal,0,train
/home/user/Tuberculosis_detection/data/raw/Normal/Normal-269.png,Normal,0,train
/home/user/Tuberculosis_detection/data/raw/Normal/Normal-27.png,Normal,0,train
/home/user/Tuberculosis_detection/data/raw/Normal/Normal-270.png,Normal,0,val
/home/user/Tuberculosis_detection/data/raw/Normal/Normal-271.png,Normal,0,train
/home/user/Tuberculosis_detection/data/raw/Normal/Normal-272.png,Normal,0,train
/home/user/Tuberculosis_detection/data/raw/Normal/Normal-273.png,Normal,0,val
/home/user/Tuberculosis_detection/data/raw/Normal/Normal-274.png,Normal,0,val
/home/user/Tuberculosis_detection/data/raw/Normal/Normal-275.png,Normal,0,val
/home/user/Tuberculosis_detection/data/raw/Normal/Normal-276.png,Normal,0,val
/home/user/Tuberculosis_detection/data/raw/Normal/Normal-277.png,Normal,0,train
/home/user/Tuberculosis_detection/data/raw/Normal/Normal-278.png,Normal,0,test
/home/user/Tuberculosis_detection/data/raw/Normal/Normal-279.png,Normal,0,test
/home/user/Tuberculosis_detection/data/raw/Normal/Normal-28.png,Normal,0,test
/home/user/Tuberculosis_detection/data/raw/Normal/Normal-280.png,Normal,0,train
/home/user/Tuberculosis_detection/data/raw/Normal/Normal-281.png,Normal,0,train
/home/user/Tuberculosis_detection/data/raw/Normal/Normal-282.png,Normal,0,train
/home/user/Tuberculosis_detection/data/raw/Normal/Normal-283.png,Normal,0,train
/home/user/Tuberculosis_detection/data/raw/Normal/Normal-284.png,Normal,0,train
/home/user/Tuberculosis_detection/data/raw/Normal/Normal-285.png,Normal,0,train
/home/user/Tuberculosis_detection/data/raw/Normal/Normal-286.png,Normal,0,train
/home/user/Tuberculosis_detection/data/raw/Normal/Normal-287.png,Normal,0,train
/home/user/Tuberculosis_detection/data/raw/Normal/Normal-288.png,Normal,0,train
/home/user/Tuberculosis_detection/data/raw/Normal/Normal-289.png,Normal,0,val
/home/user/Tuberculosis_detection/data/raw/Normal/Normal-29.png,Normal,0,val
/home/user/Tuberculosis_detection/data/raw/Normal/Normal-290.png,Normal,0,train
/home/user/Tuberculosis_detection/data/raw/Normal/Normal-291.png,Normal,0,train
/home/user/Tuberculosis_detection/data/raw/Normal/Normal-292.png,Normal,0,test
/home/user/Tuberculosis_detection/data/raw/Normal/Normal-293.png,Normal,0,train
/home/user/Tuberculosis_detection/data/raw/Normal/Normal-294.png,Normal,0,train
/home/user/Tuberculosis_detection/data/raw/Normal/Normal-295.png,Normal,0,train
/home/user/Tuberculosis_detection/data/raw/Normal/Normal-296.png,Normal,0,train
/home/user/Tuberculosis_detection/data/raw/Normal/Normal-297.png,Normal,0,test
/home/user/Tuberculosis_detection/data/raw/Normal/Normal-298.png,Normal,0,test
/home/user/Tuberculosis_detection/data/raw/Normal/Normal-299.png,Normal,0,train
/home/user/Tuberculosis_detection/data/raw/Normal/Normal-3.png,Normal,0,train
/home/user/Tuberculosis_detection/data/raw/Normal/Normal-30.png,Normal,0,train
/home/user/Tuberculosis_detection/data/raw/Normal/Normal-300.png,Normal,0,train
/home/user/Tuberculosis_detection/data/raw/Normal/Normal-301.png,Normal,0,train
/home/user/Tuberculosis_detection/data/raw/Normal/Normal-302.png,Normal,0,train
/home/user/Tuberculosis_detection/data/raw/Normal/Normal-303.png,Normal,0,train
/home/user/Tuberculosis_detection/data/raw/Normal/Normal-304.png,Normal,0,train
/home/user/Tuberculosis_detection/data/raw/Normal/Normal-305.png,Normal,0,train
/home/user/Tuberculosis_detection/data/raw/Normal/Normal-306.png,Normal,0,test
/home/user/Tuberculosis_detection/data/raw/Normal/Normal-307.png,Normal,0,test
/home/user/Tuberculosis_detection/data/raw/Normal/Normal-308.png,Normal,0,train
/home/user/Tuberculosis_detection/data/raw/Normal/Normal-309.png,Normal,0,train
/home/user/Tuberculosis_detection/data/raw/Normal/Normal-31.png,Normal,0,val
/home/user/Tuberculosis_detection/data/raw/Normal/Normal-310.png,Normal,0,test
/home/user/Tuberculosis_detection/data/raw/Normal/Normal-311.png,Normal,0,train
/home/user/Tuberculosis_detection/data/raw/Normal/Normal-312.png,Normal,0,train
/home/user/Tuberculosis_detection/data/raw/Normal/Normal-313.png,Normal,0,train
/home/user/Tuberculosis_detection/data/raw/Normal/Normal-314.png,Normal,0,train
/home/user/Tuberculosis_detection/data/raw/Normal/Normal-315.png,Normal,0,train
/home/user/Tuberculosis_detection/data/raw/Normal/Normal-316.png,Normal,0,val
/home/user/Tuberculosis_detection/data/raw/Normal/Normal-317.png,Normal,0,test
/home/user/Tuberculosis_detection/data/raw/Normal/Normal-318.png,Normal,0,train
/home/user/Tuberculosis_detection/data/raw/Normal/Normal-319.png,Normal,0,train
/home/user/Tuberculosis_detection/data/raw/Normal/Normal-32.png,Normal,0,train
/home/user/Tuberculosis_detection/data/raw/Normal/Normal-320.png,Normal,0,train
/home/user/Tuberculosis_detection/data/raw/Normal/Normal-321.png,Normal,0,val
/home/user/Tuberculosis_detection/data/raw/Normal/Normal-322.png,Normal,0,train
/home/user/Tuberculosis_detection/data/raw/Normal/Normal-323.png,Normal,0,train
/home/user/Tuberculosis_detection/data/raw/Normal/Normal-324.png,Normal,0,test
/home/user/Tuberculosis_detection/data/raw/Normal/Normal-325.png,Normal,0,val
/home/user/Tuberculosis_detection/data/raw/Normal/Normal-326.png,Normal,0,train
/home/user/Tuberculosis_detection/data/raw/Normal/Normal-327.png,Normal,0,test
/home/user/Tuberculosis_detection/data/raw/Normal/Normal-328.png,Normal,0,test
/home/user/Tuberculosis_detection/data/raw/Normal/Normal-329.png,Normal,0,test
/home/user/Tuberculosis_detection/data/raw/Normal/Normal-33.png,Normal,0,val
/home/user/Tuberculosis_detection/data/raw/Normal/Normal-330.png,Normal,0,train
/home/user/Tuberculosis_detection/data/raw/Normal/Normal-331.png,Normal,0,test
/home/user/Tuberculosis_detection/data/raw/Normal/Normal-332.png,Normal,0,test
/home/user/Tuberculosis_detection/data/raw/Normal/Normal-333.png,Normal,0,val
/home/user/Tuberculosis_detection/data/raw/Normal/Normal-334.png,Normal,0,train
/home/user/Tuberculosis_detection/data/raw/Normal/Normal-335.png,Normal,0,train
/home/user/Tuberculosis_detection/data/raw/Normal/Normal-336.png,Normal,0,train
/home/user/Tuberculosis_detection/data/raw/Normal/Normal-337.png,Normal,0,val
/home/user/Tuberculosis_detection/data/raw/Normal/Normal-338.png,Normal,0,train
/home/user/Tuberculosis_detection/data/raw/Normal/Normal-339.png,Normal,0,train
/home/user/Tuberculosis_detection/data/raw/Normal/Normal-34.png,Normal,0,test
/home/user/Tuberculosis_detection/data/raw/Normal/Normal-340.png,Normal,0,train
/home/user/Tuberculosis_detection/data/raw/Normal/Normal-341.png,Normal,0,train
/home/user/Tuberculosis_detection/data/raw/Normal/Normal-342.png,Normal,0,train
/home/user/Tuberculosis_detection/data/raw/Normal/Normal-343.png,Normal,0,train
/home/user/Tuberculosis_detection/data/raw/Normal/Normal-344.png,Normal,0,train
/home/user/Tuberculosis_detection/data/raw/Normal/Normal-345.png,Normal,0,train
/home/user/Tuberculosis_detection/data/raw/Normal/Normal-346.png,Normal,0,train
/home/user/Tuberculosis_detection/data/raw/Normal/Normal-347.png,Normal,0,train
/home/user/Tuberculosis_detection/data/raw/Normal/Normal-348.png,Normal,0,train
/home/user/Tuberculosis_detection/data/raw/Normal/Normal-349.png,Normal,0,test
/home/user/Tuberculosis_detection/data/raw/Normal/Normal-35.png,Normal,0,val
/home/user/Tuberculosis_detection/data/raw/Normal/Normal-350.png,Normal,0,train
/home/user/Tuberculosis_detection/data/raw/Normal/Normal-351.png,Normal,0,train
/home/user/Tuberculosis_detection/data/raw/Normal/Normal-352.png,Normal,0,train
/home/user/Tuberculosis_detection/data/raw/Normal/Normal-353.png,Normal,0,train
/home/user/Tuberculosis_detection/data/raw/Normal/Normal-354.png,Normal,0,val
/home/user/Tuberculosis_detection/data/raw/Normal/Normal-355.png,Normal,0,val
/home/user/Tuberculosis_detection/data/raw/Normal/Normal-356.png,Normal,0,train
/home/user/Tuberculosis_detection/data/raw/Normal/Normal-357.png,Normal,0,train
/home/user/Tuberculosis_detection/data/raw/Normal/Normal-358.png,Normal,0,train
/home/user/Tuberculosis_detection/data/raw/Normal/Normal-359.png,Normal,0,train
/home/user/Tuberculosis_detection/data/raw/Normal/Normal-36.png,Normal,0,train
/home/user/Tuberculosis_detection/data/raw/Normal/Normal-360.png,Normal,0,test
/home/user/Tuberculosis_detection/data/raw/Normal/Normal-361.png,Normal,0,train
/home/user/Tuberculosis_detection/data/raw/Normal/Normal-362.png,Normal,0,train
/home/user/Tuberculosis_detection/data/raw/Normal/Normal-363.png,Normal,0,train
/home/user/Tuberculosis_detection/data/raw/Normal/Normal-364.png,Normal,0,train
/home/user/Tuberculosis_detection/data/raw/Normal/Normal-365.png,Normal,0,val
/home/user/Tuberculosis_detection/data/raw/Normal/Normal-366.png,Normal,0,train
/home/user/Tuberculosis_detection/data/raw/Normal/Normal-367.png,Normal,0,train
/home/user/Tuberculosis_detection/data/raw/Normal/Normal-368.png,Normal,0,test
/home/user/Tuberculosis_detection/data/raw/Normal/Normal-369.png,Normal,0,test
/home/user/Tuberculosis_detection/data/raw/Normal/Normal-37.png,Normal,0,train
/home/user/Tuberculosis_detection/data/raw/Normal/Normal-370.png,Normal,0,test
/home/user/Tuberculosis_detection/data/raw/Normal/Normal-371.png,Normal,0,train
/home/user/Tuberculosis_detection/data/raw/Normal/Normal-372.png,Normal,0,val
/home/user/Tuberculosis_detection/data/raw/Normal/Normal-373.png,Normal,0,train
/home/user/Tuberculosis_detection/data/raw/Normal/Normal-374.png,Normal,0,train
/home/user/Tuberculosis_detection/data/raw/Normal/Normal-375.png,Normal,0,train
/home/user/Tuberculosis_detection/data/raw/Normal/Normal-376.png,Normal,0,train
/home/user/Tuberculosis_detection/data/raw/Normal/Normal-377.png,Normal,0,val
/home/user/Tuberculosis_detection/data/raw/Normal/Normal-378.png,Normal,0,val
/home/user/Tuberculosis_detection/data/raw/Normal/Normal-379.png,Normal,0,val
/home/user/Tuberculosis_detection/data/raw/Normal/Normal-38.png,Normal,0,test
/home/user/Tuberculosis_detection/data/raw/Normal/Normal-380.png,Normal,0,train
/home/user/Tuberculosis_detection/data/raw/Normal/Normal-381.png,Normal,0,train
/home/user/Tuberculosis_detection/data/raw/Normal/Normal-382.png,Normal,0,train
/home/user/Tuberculosis_detection/data/raw/Normal/Normal-383.png,Normal,0,val
/home/user/Tuberculosis_detection/data/raw/Normal/Normal-384.png,Normal,0,test
/home/user/Tuberculosis_detection/data/raw/Normal/Normal-385.png,Normal,0,train
/home/user/Tuberculosis_detection/data/raw/Normal/Normal-386.png,Normal,0,train
/home/user/Tuberculosis_detection/data/raw/Normal/Normal-387.png,Normal,0,train
/home/user/Tuberculosis_detection/data/raw/Normal/Normal-388.png,Normal,0,test
/home/user/Tuberculosis_detection/data/raw/Normal/Normal-389.png,Normal,0,val
/home/user/Tuberculosis_detection/data/raw/Normal/Normal-39.png,Normal,0,train
/home/user/Tuberculosis_detection/data/raw/Normal/Normal-390.png,Normal,0,train
/home/user/Tuberculosis_detection/data/raw/Normal/Normal-391.png,Normal,0,train
/home/user/Tuberculosis_detection/data/raw/Normal/Normal-392.png,Normal,0,test
/home/user/Tuberculosis_detection/data/raw/Normal/Normal-393.png,Normal,0,train
/home/user/Tuberculosis_detection/data/raw/Normal/Normal-394.png,Normal,0,train
/home/user/Tuberculosis_detection/data/raw/Normal/Normal-395.png,Normal,0,train
/home/user/Tuberculosis_detection/data/raw/Normal/Normal-396.png,Normal,0,train
/home/user/Tuberculosis_detection/data/raw/Normal/Normal-397.png,Normal,0,train
/home/user/Tuberculosis_detection/data/raw/Normal/Normal-398.png,Normal,0,val
/home/user/Tuberculosis_detection/data/raw/Normal/Normal-399.png,Normal,0,train
/home/user/Tuberculosis_detection/data/raw/Normal/Normal-4.png,Normal,0,train
/home/user/Tuberculosis_detection/data/raw/Normal/Normal-40.png,Normal,0,test
/home/user/Tuberculosis_detection/data/raw/Normal/Normal-400.png,Normal,0,train
/home/user/Tuberculosis_detection/data/raw/Normal/Normal-401.png,Normal,0,train
/home/user/Tuberculosis_detection/data/raw/Normal/Normal-402.png,Normal,0,train
/home/user/Tuberculosis_detection/data/raw/Normal/Normal-403.png,Normal,0,val
/home/user/Tuberculosis_detection/data/raw/Normal/Normal-404.png,Normal,0,train
/home/user/Tuberculosis_detection/data/raw/Normal/Normal-405.png,Normal,0,train
/home/user/Tuberculosis_detection/data/raw/Normal/Normal-406.png,Normal,0,train
/home/user/Tuberculosis_detection/data/raw/Normal/Normal-407.png,Normal,0,train
/home/user/Tuberculosis_detection/data/raw/Normal/Normal-408.png,Normal,0,val
/home/user/Tuberculosis_detection/data/raw/Normal/Normal-409.png,Normal,0,train
/home/user/Tuberculosis_detection/data/raw/Normal/Normal-41.png,Normal,0,train
/home/user/Tuberculosis_detection/data/raw/Normal/Normal-410.png,Normal,0,train
/home/user/Tuberculosis_detection/data/raw/Normal/Normal-411.png,Normal,0,train
/home/user/Tuberculosis_detection/data/raw/Normal/Normal-412.png,Normal,0,val
/home/user/Tuberculosis_detection/data/raw/Normal/Normal-413.png,Normal,0,train
/home/user/Tuberculosis_detection/data/raw/Normal/Normal-414.png,Normal,0,train
/home/user/Tuberculosis_detection/data/raw/Normal/Normal-415.png,Normal,0,train
/home/user/Tuberculosis_detection/data/raw/Normal/Normal-416.png,Normal,0,train
/home/user/Tuberculosis_detection/data/raw/Normal/Normal-417.png,Normal,0,train
/home/user/Tuberculosis_detection/data/raw/Normal/Normal-418.png,Normal,0,test
/home/user/Tuberculosis_detection/data/raw/Normal/Normal-419.png,Normal,0,train
/home/user/Tuberculosis_detection/data/raw/Normal/Normal-42.png,Normal,0,train
/home/user/Tuberculosis_detection/data/raw/Normal/Normal-420.png,Normal,0,train
/home/user/Tuberculosis_detection/data/raw/Normal/Normal-421.png,Normal,0,val
/home/user/Tuberculosis_detection/data/raw/Normal/Normal-422.png,Normal,0,train
/home/user/Tuberculosis_detection/data/raw/Normal/Normal-423.png,Normal,0,train
/home/user/Tuberculosis_detection/data/raw/Normal/Normal-424.png,Normal,0,test
/home/user/Tuberculosis_detection/data/raw/Normal/Normal-425.png,Normal,0,val
/home/user/Tuberculosis_detection/data/raw/Normal/Normal-426.png,Normal,0,train
/home/user/Tuberculosis_detection/data/raw/Normal/Normal-427.png,Normal,0,train
/home/user/Tuberculosis_detection/data/raw/Normal/Normal-428.png,Normal,0,test
/home/user/Tuberculosis_detection/data/raw/Normal/Normal-429.png,Normal,0,val
/home/user/Tuberculosis_detection/data/raw/Normal/Normal-43.png,Normal,0,train
/home/user/Tuberculosis_detection/data/raw/Normal/Normal-430.png,Normal,0,test
/home/user/Tuberculosis_detection/data/raw/Normal/Normal-431.png,Normal,0,val
/home/user/Tuberculosis_detection/data/raw/Normal/Normal-432.png,Normal,0,train
/home/user/Tuberculosis_detection/data/raw/Normal/Normal-433.png,Normal,0,train
/home/user/Tuberculosis_detection/data/raw/Normal/Normal-434.png,Normal,0,train
/home/user/Tuberculosis_detection/data/raw/Normal/Normal-435.png,Normal,0,train
/home/user/Tuberculosis_detection/data/raw/Normal/Normal-436.png,Normal,0,val
/home/user/Tuberculosis_detection/data/raw/Normal/Normal-437.png,Normal,0,test
/home/user/Tuberculosis_detection/data/raw/Normal/Normal-438.png,Normal,0,train
/home/user/Tuberculosis_detection/data/raw/Normal/Normal-439.png,Normal,0,train
/home/user/Tuberculosis_detection/data/raw/Normal/Normal-44.png,Normal,0,val
/home/user/Tuberculosis_detection/data/raw/Normal/Normal-440.png,Normal,0,train
/home/user/Tuberculosis_detection/data/raw/Normal/Normal-441.png,Normal,0,val
/home/user/Tuberculosis_detection/data/raw/Normal/Normal-442.png,Normal,0,train
/home/user/Tuberculosis_detection/data/raw/Normal/Normal-443.png,Normal,0,val
/home/user/Tuberculosis_detection/data/raw/Normal/Normal-444.png,Normal,0,train
/home/user/Tuberculosis_detection/data/raw/Normal/Normal-445.png,Normal,0,train
/home/user/Tuberculosis_detection/data/raw/Normal/Normal-446.png,Normal,0,train
/home/user/Tuberculosis_detection/data/raw/Normal/Normal-447.png,Normal,0,val
/home/user/Tuberculosis_detection/data/raw/Normal/Normal-448.png,Normal,0,val
/home/user/Tuberculosis_detection/data/raw/Normal/Normal-449.png,Normal,0,train
/home/user/Tuberculosis_detection/data/raw/Normal/Normal-45.png,Normal,0,test
/home/user/Tuberculosis_detection/data/raw/Normal/Normal-450.png,Normal,0,train
/home/user/Tuberculosis_detection/data/raw/Normal/Normal-451.png,Normal,0,val
/home/user/Tuberculosis_detection/data/raw/Normal/Normal-452.png,Normal,0,test
/home/user/Tuberculosis_detection/data/raw/Normal/Normal-453.png,Normal,0,test
/home/user/Tuberculosis_detection/data/raw/Normal/Normal-454.png,Normal,0,train
/home/user/Tuberculosis_detection/data/raw/Normal/Normal-455.png,Normal,0,train
/home/user/Tuberculosis_detection/data/raw/Normal/Normal-456.png,Normal,0,train
/home/user/Tuberculosis_detection/data/raw/Normal/Normal-457.png,Normal,0,test
/home/user/Tuberculosis_detection/data/raw/Normal/Normal-458.png,Normal,0,train
/home/user/Tuberculosis_detection/data/raw/Normal/Normal-459.png,Normal,0,train
/home/user/Tuberculosis_detection/data/raw/Normal/Normal-46.png,Normal,0,train
/home/user/Tuberculosis_detection/data/raw/Normal/Normal-460.png,Normal,0,val
/home/user/Tuberculosis_detection/data/raw/Normal/Normal-461.png,Normal,0,train
/home/user/Tuberculosis_detection/data/raw/Normal/Normal-462.png,Normal,0,train
/home/user/Tuberculosis_detection/data/raw/Normal/Normal-463.png,Normal,0,train
/home/user/Tuberculosis_detection/data/raw/Normal/Normal-464.png,Normal,0,test
/home/user/Tuberculosis_detection/data/raw/Normal/Normal-465.png,Normal,0,train
/home/user/Tuberculosis_detection/data/raw/Normal/Normal-466.png,Normal,0,train
/home/user/Tuberculosis_detection/data/raw/Normal/Normal-467.png,Normal,0,train
/home/user/Tuberculosis_detection/data/raw/Normal/Normal-468.png,Normal,0,train
/home/user/Tuberculosis_detection/data/raw/Normal/Normal-469.png,Normal,0,test
/home/user/Tuberculosis_detection/data/raw/Normal/Normal-47.png,Normal,0,train
/home/user/Tuberculosis_detection/data/raw/Normal/Normal-470.png,Normal,0,train
/home/user/Tuberculosis_detection/data/raw/Normal/Normal-471.png,Normal,0,train
/home/user/Tuberculosis_detection/data/raw/Normal/Normal-472.png,Normal,0,train
/home/user/Tuberculosis_detection/data/raw/Normal/Normal-473.png,Normal,0,train
/home/user/Tuberculosis_detection/data/raw/Normal/Normal-474.png,Normal,0,train
/home/user/Tuberculosis_detection/data/raw/Normal/Normal-475.png,Normal,0,train
/home/user/Tuberculosis_detection/data/raw/Normal/Normal-476.png,Normal,0,train
/home/user/Tuberculosis_detection/data/raw/Normal/Normal-477.png,Normal,0,val
/home/user/Tuberculosis_detection/data/raw/Normal/Normal-478.png,Normal,0,train
/home/user/Tuberculosis_detection/data/raw/Normal/Normal-479.png,Normal,0,train
/home/user/Tuberculosis_detection/data/raw/Normal/Normal-48.png,Normal,0,val
/home/user/Tuberculosis_detection/data/raw/Normal/Normal-480.png,Normal,0,test
/home/user/Tuberculosis_detection/data/raw/Normal/Normal-481.png,Normal,0,train
/home/user/Tuberculosis_detection/data/raw/Normal/Normal-482.png,Normal,0,test
/home/user/Tuberculosis_detection/data/raw/Normal/Normal-483.png,Normal,0,train
/home/user/Tuberculosis_detection/data/raw/Normal/Normal-484.png,Normal,0,train
/home/user/Tuberculosis_detection/data/raw/Normal/Normal-485.png,Normal,0,train
/home/user/Tuberculosis_detection/data/raw/Normal/Normal-486.png,Normal,0,train
/home/user/Tuberculosis_detection/data/raw/Normal/Normal-487.png,Normal,0,train
/home/user/Tuberculosis_detection/data/raw/Normal/Normal-488.png,Normal,0,train
/home/user/Tuberculosis_detection/data/raw/Normal/Normal-489.png,Normal,0,train
/home/user/Tuberculosis_detection/data/raw/Normal/Normal-49.png,Normal,0,val
/home/user/Tuberculosis_detection/data/raw/Normal/Normal-490.png,Normal,0,val
/home/user/Tuberculosis_detection/data/raw/Normal/Normal-491.png,Normal,0,train
/home/user/Tuberculosis_detection/data/raw/Normal/Normal-492.png,Normal,0,train
/home/user/Tuberculosis_detection/data/raw/Normal/Normal-493.png,Normal,0,train
/home/user/Tuberculosis_detection/data/raw/Normal/Normal-494.png,Normal,0,val
/home/user/Tuberculosis_detection/data/raw/Normal/Normal-495.png,Normal,0,train
/home/user/Tuberculosis_detection/data/raw/Normal/Normal-496.png,Normal,0,train
/home/user/Tuberculosis_detection/data/raw/Normal/Normal-497.png,Normal,0,train
/home/user/Tuberculosis_detection/data/raw/Normal/Normal-498.png,Normal,0,val
/home/user/Tuberculosis_detection/data/raw/Normal/Normal-499.png,Normal,0,train
/home/user/Tuberculosis_detection/data/raw/Normal/Normal-5.png,Normal,0,train
/home/user/Tuberculosis_detection/data/raw/Normal/Normal-50.png,Normal,0,train
/home/user/Tuberculosis_detection/data/raw/Normal/Normal-500.png,Normal,0,val
/home/user/Tuberculosis_detection/data/raw/Normal/Normal-501.png,Normal,0,train
/home/user/Tuberculosis_detection/data/raw/Normal/Normal-502.png,Normal,0,train
/home/user/Tuberculosis_detection/data/raw/Normal/Normal-503.png,Normal,0,train
/home/user/Tuberculosis_detection/data/raw/Normal/Normal-504.png,Normal,0,train
/home/user/Tuberculosis_detection/data/raw/Normal/Normal-505.png,Normal,0,val
/home/user/Tuberculosis_detection/data/raw/Normal/Normal-506.png,Normal,0,val
/home/user/Tuberculosis_detection/data/raw/Normal/Normal-507.png,Normal,0,train
/home/user/Tuberculosis_detection/data/raw/Normal/Normal-508.png,Normal,0,val
/home/user/Tuberculosis_detection/data/raw/Normal/Normal-509.png,Normal,0,train
/home/user/Tuberculosis_detection/data/raw/Normal/Normal-51.png,Normal,0,train
/home/user/Tuberculosis_detection/data/raw/Normal/Normal-510.png,Normal,0,val
/home/user/Tuberculosis_detection/data/raw/Normal/Normal-511.png,Normal,0,test
/home/user/Tuberculosis_detection/data/raw/Normal/Normal-512.png,Normal,0,train
/home/user/Tuberculosis_detection/data/raw/Normal/Normal-513.png,Normal,0,train
/home/user/Tuberculosis_detection/data/raw/Normal/Normal-514.png,Normal,0,train
/home/user/Tuberculosis_detection/data/raw/Normal/Normal-515.png,Normal,0,train
/home/user/Tuberculosis_detection/data/raw/Normal/Normal-516.png,Normal,0,test
/home/user/Tuberculosis_detection/data/raw/Normal/Normal-517.png,Normal,0,train
/home/user/Tuberculosis_detection/data/raw/Normal/Normal-518.png,Normal,0,train
/home/user/Tuberculosis_detection/data/raw/Normal/Normal-519.png,Normal,0,val
/home/user/Tuberculosis_detection/data/raw/Normal/Normal-52.png,Normal,0,train
/home/user/Tuberculosis_detection/data/raw/Normal/Normal-520.png,Normal,0,train
/home/user/Tuberculosis_detection/data/raw/Normal/Normal-521.png,Normal,0,train
/home/user/Tuberculosis_detection/data/raw/Normal/Normal-522.png,Normal,0,train
/home/user/Tuberculosis_detection/data/raw/Normal/Normal-523.png,Normal,0,train
/home/user/Tuberculosis_detection/data/raw/Normal/Normal-524.png,Normal,0,train
/home/user/Tuberculosis_detection/data/raw/Normal/Normal-525.png,Normal,0,train
/home/user/Tuberculosis_detection/data/raw/Normal/Normal-526.png,Normal,0,train
/home/user/Tuberculosis_detection/data/raw/Normal/Normal-527.png,Normal,0,train
/home/user/Tuberculosis_detection/data/raw/Normal/Normal-528.png,Normal,0,train
/home/user/Tuberculosis_detection/data/raw/Normal/Normal-529.png,Normal,0,val
/home/user/Tuberculosis_detection/data/raw/Normal/Normal-53.png,Normal,0,train
/home/user/Tuberculosis_detection/data/raw/Normal/Normal-530.png,Normal,0,train
/home/user/Tuberculosis_detection/data/raw/Normal/Normal-531.png,Normal,0,val
/home/user/Tuberculosis_detection/data/raw/Normal/Normal-532.png,Normal,0,train
/home/user/Tuberculosis_detection/data/raw/Normal/Normal-533.png,Normal,0,test
/home/user/Tuberculosis_detection/data/raw/Normal/Normal-534.png,Normal,0,train
/home/user/Tuberculosis_detection/data/raw/Normal/Normal-535.png,Normal,0,train
/home/user/Tuberculosis_detection/data/raw/Normal/Normal-536.png,Normal,0,test
/home/user/Tuberculosis_detection/data/raw/Normal/Normal-537.png,Normal,0,train
/home/user/Tuberculosis_detection/data/raw/Normal/Normal-538.png,Normal,0,test
/home/user/Tuberculosis_detection/data/raw/Normal/Normal-539.png,Normal,0,train
/home/user/Tuberculosis_detection/data/raw/Normal/Normal-54.png,Normal,0,test
/home/user/Tuberculosis_detection/data/raw/Normal/Normal-540.png,Normal,0,train
/home/user/Tuberculosis_detection/data/raw/Normal/Normal-541.png,Normal,0,train
/home/user/Tuberculosis_detection/data/raw/Normal/Normal-542.png,Normal,0,train
/home/user/Tuberculosis_detection/data/raw/Normal/Normal-543.png,Normal,0,val
/home/user/Tuberculosis_detection/data/raw/Normal/Normal-544.png,Normal,0,train
/home/user/Tuberculosis_detection/data/raw/Normal/Normal-545.png,Normal,0,val
/home/user/Tuberculosis_detection/data/raw/Normal/Normal-546.png,Normal,0,val
/home/user/Tuberculosis_detection/data/raw/Normal/Normal-547.png,Normal,0,train
/home/user/Tuberculosis_detection/data/raw/Normal/Normal-548.png,Normal,0,train
/home/user/Tuberculosis_detection/data/raw/Normal/Normal-549.png,Normal,0,val
/home/user/Tuberculosis_detection/data/raw/Normal/Normal-55.png,Normal,0,train
/home/user/Tuberculosis_detection/data/raw/Normal/Normal-550.png,Normal,0,train
/home/user/Tuberculosis_detection/data/raw/Normal/Normal-551.png,Normal,0,train
/home/user/Tuberculosis_detection/data/raw/Normal/Normal-552.png,Normal,0,test
/home/user/Tuberculosis_detection/data/raw/Normal/Normal-553.png,Normal,0,train
/home/user/Tuberculosis_detection/data/raw/Normal/Normal-554.png,Normal,0,test
/home/user/Tuberculosis_detection/data/raw/Normal/Normal-555.png,Normal,0,test
/home/user/Tuberculosis_detection/data/raw/Normal/Normal-556.png,Normal,0,train
/home/user/Tuberculosis_detection/data/raw/Normal/Normal-557.png,Normal,0,train
/home/user/Tuberculosis_detection/data/raw/Normal/Normal-558.png,Normal,0,train
/home/user/Tuberculosis_detection/data/raw/Normal/Normal-559.png,Normal,0,train
/home/user/Tuberculosis_detection/data/raw/Normal/Normal-56.png,Normal,0,train
/home/user/Tuberculosis_detection/data/raw/Normal/Normal-560.png,Normal,0,train
/home/user/Tuberculosis_detection/data/raw/Normal/Normal-561.png,Normal,0,train
/home/user/Tuberculosis_detection/data/raw/Normal/Normal-562.png,Normal,0,val
/home/user/Tuberculosis_detection/data/raw/Normal/Normal-563.png,Normal,0,train
/home/user/Tuberculosis_detection/data/raw/Normal/Normal-564.png,Normal,0,train
/home/user/Tuberculosis_detection/data/raw/Normal/Normal-565.png,Normal,0,train
/home/user/Tuberculosis_detection/data/raw/Normal/Normal-566.png,Normal,0,val
/home/user/Tuberculosis_detection/data/raw/Normal/Normal-567.png,Normal,0,train
/home/user/Tuberculosis_detection/data/raw/Normal/Normal-568.png,Normal,0,train
/home/user/Tuberculosis_detection/data/raw/Normal/Normal-569.png,Normal,0,val
/home/user/Tuberculosis_detection/data/raw/Normal/Normal-57.png,Normal,0,train
/home/user/Tuberculosis_detection/data/raw/Normal/Normal-570.png,Normal,0,train
/home/user/Tuberculosis_detection/data/raw/Normal/Normal-571.png,Normal,0,train
/home/user/Tuberculosis_detection/data/raw/Normal/Normal-572.png,Normal,0,test
/home/user/Tuberculosis_detection/data/raw/Normal/Normal-573.png,Normal,0,train
/home/user/Tuberculosis_detection/data/raw/Normal/Normal-574.png,Normal,0,train
/home/user/Tuberculosis_detection/data/raw/Normal/Normal-575.png,Normal,0,train
/home/user/Tuberculosis_detection/data/raw/Normal/Normal-576.png,Normal,0,train
/home/user/Tuberculosis_detection/data/raw/Normal/Normal-577.png,Normal,0,val
/home/user/Tuberculosis_detection/data/raw/Normal/Normal-578.png,Normal,0,train
/home/user/Tuberculosis_detection/data/raw/Normal/Normal-579.png,Normal,0,train
/home/user/Tuberculosis_detection/data/raw/Normal/Normal-58.png,Normal,0,val
/home/user/Tuberculosis_detection/data/raw/Normal/Normal-580.png,Normal,0,val
/home/user/Tuberculosis_detection/data/raw/Normal/Normal-581.png,Normal,0,train
/home/user/Tuberculosis_detection/data/raw/Normal/Normal-582.png,Normal,0,test
/home/user/Tuberculosis_detection/data/raw/Normal/Normal-583.png,Normal,0,train
/home/user/Tuberculosis_detection/data/raw/Normal/Normal-584.png,Normal,0,train
/home/user/Tuberculosis_detection/data/raw/Normal/Normal-585.png,Normal,0,test
/home/user/Tuberculosis_detection/data/raw/Normal/Normal-586.png,Normal,0,train
/home/user/Tuberculosis_detection/data/raw/Normal/Normal-587.png,Normal,0,train
/home/user/Tuberculosis_detection/data/raw/Normal/Normal-588.png,Normal,0,train
/home/user/Tuberculosis_detection/data/raw/Normal/Normal-589.png,Normal,0,train
/home/user/Tuberculosis_detection/data/raw/Normal/Normal-59.png,Normal,0,train
/home/user/Tuberculosis_detection/data/raw/Normal/Normal-590.png,Normal,0,val
/home/user/Tuberculosis_detection/data/raw/Normal/Normal-591.png,Normal,0,train
/home/user/Tuberculosis_detection/data/raw/Normal/Normal-592.png,Normal,0,train
/home/user/Tuberculosis_detection/data/raw/Normal/Normal-593.png,Normal,0,train
/home/user/Tuberculosis_detection/data/raw/Normal/Normal-594.png,Normal,0,train
/home/user/Tuberculosis_detection/data/raw/Normal/Normal-595.png,Normal,0,val
/home/user/Tuberculosis_detection/data/raw/Normal/Normal-596.png,Normal,0,train
/home/user/Tuberculosis_detection/data/raw/Normal/Normal-597.png,Normal,0,train
/home/user/Tuberculosis_detection/data/raw/Normal/Normal-598.png,Normal,0,train
/home/user/Tuberculosis_detection/data/raw/Normal/Normal-599.png,Normal,0,train
/home/user/Tuberculosis_detection/data/raw/Normal/Normal-6.png,Normal,0,train
/home/user/Tuberculosis_detection/data/raw/Normal/Normal-60.png,Normal,0,train
/home/user/Tuberculosis_detection/data/raw/Normal/Normal-600.png,Normal,0,train
/home/user/Tuberculosis_detection/data/raw/Normal/Normal-601.png,Normal,0,train
/home/user/Tuberculosis_detection/data/raw/Normal/Normal-602.png,Normal,0,train
/home/user/Tuberculosis_detection/data/raw/Normal/Normal-603.png,Normal,0,test
/home/user/Tuberculosis_detection/data/raw/Normal/Normal-604.png,Normal,0,train
/home/user/Tuberculosis_detection/data/raw/Normal/Normal-605.png,Normal,0,train
/home/user/Tuberculosis_detection/data/raw/Normal/Normal-606.png,Normal,0,train
/home/user/Tuberculosis_detection/data/raw/Normal/Normal-607.png,Normal,0,train
/home/user/Tuberculosis_detection/data/raw/Normal/Normal-608.png,Normal,0,train
/home/user/Tuberculosis_detection/data/raw/Normal/Normal-609.png,Normal,0,test
/home/user/Tuberculosis_detection/data/raw/Normal/Normal-61.png,Normal,0,train
/home/user/Tuberculosis_detection/data/raw/Normal/Normal-610.png,Normal,0,train
/home/user/Tuberculosis_detection/data/raw/Normal/Normal-611.png,Normal,0,train
/home/user/Tuberculosis_detection/data/raw/Normal/Normal-612.png,Normal,0,train
/home/user/Tuberculosis_detection/data/raw/Normal/Normal-613.png,Normal,0,test
/home/user/Tuberculosis_detection/data/raw/Normal/Normal-614.png,Normal,0,train
/home/user/Tuberculosis_detection/data/raw/Normal/Normal-615.png,Normal,0,train
/home/user/Tuberculosis_detection/data/raw/Normal/Normal-616.png,Normal,0,train
/home/user/Tuberculosis_detection/data/raw/Normal/Normal-617.png,Normal,0,train
/home/user/Tuberculosis_detection/data/raw/Normal/Normal-618.png,Normal,0,val
/home/user/Tuberculosis_detection/data/raw/Normal/Normal-619.png,Normal,0,train
/home/user/Tuberculosis_detection/data/raw/Normal/Normal-62.png,Normal,0,train
/home/user/Tuberculosis_detection/data/raw/Normal/Normal-620.png,Normal,0,train
/home/user/Tuberculosis_detection/data/raw/Normal/Normal-621.png,Normal,0,train
/home/user/Tuberculosis_detection/data/raw/Normal/Normal-622.png,Normal,0,train
/home/user/Tuberculosis_detection/data/raw/Normal/Normal-623.png,Normal,0,train
/home/user/Tuberculosis_detection/data/raw/Normal/Normal-624.png,Normal,0,train
/home/user/Tuberculosis_detection/data/raw/Normal/Normal-625.png,Normal,0,train
/home/user/Tuberculosis_detection/data/raw/Normal/Normal-626.png,Normal,0,test
/home/user/Tuberculosis_detection/data/raw/Normal/Normal-627.png,Normal,0,train
/home/user/Tuberculosis_detection/data/raw/Normal/Normal-628.png,Normal,0,train
/home/user/Tuberculosis_detection/data/raw/Normal/Normal-629.png,Normal,0,test
/home/user/Tuberculosis_detection/data/raw/Normal/Normal-63.png,Normal,0,train
/home/user/Tuberculosis_detection/data/raw/Normal/Normal-630.png,Normal,0,train
/home/user/Tuberculosis_detection/data/raw/Normal/Normal-631.png,Normal,0,train
/home/user/Tuberculosis_detection/data/raw/Normal/Normal-632.png,Normal,0,train
/home/user/Tuberculosis_detection/data/raw/Normal/Normal-633.png,Normal,0,val
/home/user/Tuberculosis_detection/data/raw/Normal/Normal-634.png,Normal,0,train
/home/user/Tuberculosis_detection/data/raw/Normal/Normal-635.png,Normal,0,train
/home/user/Tuberculosis_detection/data/raw/Normal/Normal-636.png,Normal,0,train
/home/user/Tuberculosis_detection/data/raw/Normal/Normal-637.png,Normal,0,train
/home/user/Tuberculosis_detection/data/raw/Normal/Normal-638.png,Normal,0,train
/home/user/Tuberculosis_detection/data/raw/Normal/Normal-639.png,Normal,0,train
/home/user/Tuberculosis_detection/data/raw/Normal/Normal-64.png,Normal,0,train
/home/user/Tuberculosis_detection/data/raw/Normal/Normal-640.png,Normal,0,val
/home/user/Tuberculosis_detection/data/raw/Normal/Normal-641.png,Normal,0,test
/home/user/Tuberculosis_detection/data/raw/Normal/Normal-642.png,Normal,0,train
/home/user/Tuberculosis_detection/data/raw/Normal/Normal-643.png,Normal,0,train
/home/user/Tuberculosis_detection/data/raw/Normal/Normal-644.png,Normal,0,train
/home/user/Tuberculosis_detection/data/raw/Normal/Normal-645.png,Normal,0,val
/home/user/Tuberculosis_detection/data/raw/Normal/Normal-646.png,Normal,0,train
/home/user/Tuberculosis_detection/data/raw/Normal/Normal-647.png,Normal,0,test
/home/user/Tuberculosis_detection/data/raw/Normal/Normal-648.png,Normal,0,train
/home/user/Tuberculosis_detection/data/raw/Normal/Normal-649.png,Normal,0,test
/home/user/Tuberculosis_detection/data/raw/Normal/Normal-65.png,Normal,0,val
/home/user/Tuberculosis_detection/data/raw/Normal/Normal-650.png,Normal,0,train
/home/user/Tuberculosis_detection/data/raw/Normal/Normal-651.png,Normal,0,train
/home/user/Tuberculosis_detection/data/raw/Normal/Normal-652.png,Normal,0,train
/home/user/Tuberculosis_detection/data/raw/Normal/Normal-653.png,Normal,0,train
/home/user/Tuberculosis_detection/data/raw/Normal/Normal-654.png,Normal,0,train
/home/user/Tuberculosis_detection/data/raw/Normal/Normal-655.png,Normal,0,train
/home/user/Tuberculosis_detection/data/raw/Normal/Normal-656.png,Normal,0,test
/home/user/Tuberculosis_detection/data/raw/Normal/Normal-657.png,Normal,0,train
/home/user/Tuberculosis_detection/data/raw/Normal/Normal-658.png,Normal,0,train
/home/user/Tuberculosis_detection/data/raw/Normal/Normal-659.png,Normal,0,val
/home/user/Tuberculosis_detection/data/raw/Normal/Normal-66.png,Normal,0,train
/home/user/Tuberculosis_detection/data/raw/Normal/Normal-660.png,Normal,0,train
/home/user/Tuberculosis_detection/data/raw/Normal/Normal-661.png,Normal,0,test
/home/user/Tuberculosis_detection/data/raw/Normal/Normal-662.png,Normal,0,train
/home/user/Tuberculosis_detection/data/raw/Normal/Normal-663.png,Normal,0,train
/home/user/Tuberculosis_detection/data/raw/Normal/Normal-664.png,Normal,0,test
/home/user/Tuberculosis_detection/data/raw/Normal/Normal-665.png,Normal,0,train
/home/user/Tuberculosis_detection/data/raw/Normal/Normal-666.png,Normal,0,val
/home/user/Tuberculosis_detection/data/raw/Normal/Normal-667.png,Normal,0,train
/home/user/Tuberculosis_detection/data/raw/Normal/Normal-668.png,Normal,0,train
/home/user/Tuberculosis_detection/data/raw/Normal/Normal-669.png,Normal,0,train
/home/user/Tuberculosis_detection/data/raw/Normal/Normal-67.png,Normal,0,test
/home/user/Tuberculosis_detection/data/raw/Normal/Normal-670.png,Normal,0,train
/home/user/Tuberculosis_detection/data/raw/Normal/Normal-671.png,Normal,0,test
/home/user/Tuberculosis_detection/data/raw/Normal/Normal-672.png,Normal,0,test
/home/user/Tuberculosis_detection/data/raw/Normal/Normal-673.png,Normal,0,val
/home/user/Tuberculosis_detection/data/raw/Normal/Normal-674.png,Normal,0,train
/home/user/Tuberculosis_detection/data/raw/Normal/Normal-675.png,Normal,0,val
/home/user/Tuberculosis_detection/data/raw/Normal/Normal-676.png,Normal,0,train
/home/user/Tuberculosis_detection/data/raw/Normal/Normal-677.png,Normal,0,train
/home/user/Tuberculosis_detection/data/raw/Normal/Normal-678.png,Normal,0,val
/home/user/Tuberculosis_detection/data/raw/Normal/Normal-679.png,Normal,0,train
/home/user/Tuberculosis_detection/data/raw/Normal/Normal-68.png,Normal,0,train
/home/user/Tuberculosis_detection/data/raw/Normal/Normal-680.png,Normal,0,train
/home/user/Tuberculosis_detection/data/raw/Normal/Normal-681.png,Normal,0,train
/home/user/Tuberculosis_detection/data/raw/Normal/Normal-682.png,Normal,0,val
/home/user/Tuberculosis_detection/data/raw/Normal/Normal-683.png,Normal,0,test
/home/user/Tuberculosis_detection/data/raw/Normal/Normal-684.png,Normal,0,val
/home/user/Tuberculosis_detection/data/raw/Normal/Normal-685.png,Normal,0,val
/home/user/Tuberculosis_detection/data/raw/Normal/Normal-686.png,Normal,0,train
/home/user/Tuberculosis_detection/data/raw/Normal/Normal-687.png,Normal,0,val
/home/user/Tuberculosis_detection/data/raw/Normal/Normal-688.png,Normal,0,train
/home/user/Tuberculosis_detection/data/raw/Normal/Normal-689.png,Normal,0,val
/home/user/Tuberculosis_detection/data/raw/Normal/Normal-69.png,Normal,0,train
/home/user/Tuberculosis_detection/data/raw/Normal/Normal-690.png,Normal,0,train
/home/user/Tuberculosis_detection/data/raw/Normal/Normal-691.png,Normal,0,train
/home/user/Tuberculosis_detection/data/raw/Normal/Normal-692.png,Normal,0,train
/home/user/Tuberculosis_detection/data/raw/Normal/Normal-693.png,Normal,0,train
/home/user/Tuberculosis_detection/data/raw/Normal/Normal-694.png,Normal,0,train
/home/user/Tuberculosis_detection/data/raw/Normal/Normal-695.png,Normal,0,train
/home/user/Tuberculosis_detection/data/raw/Normal/Normal-696.png,Normal,0,train
/home/user/Tuberculosis_detection/data/raw/Normal/Normal-697.png,Normal,0,train
/home/user/Tuberculosis_detection/data/raw/Normal/Normal-698.png,Normal,0,train
/home/user/Tuberculosis_detection/data/raw/Normal/Normal-699.png,Normal,0,test
/home/user/Tuberculosis_detection/data/raw/Normal/Normal-7.png,Normal,0,train
/home/user/Tuberculosis_detection/data/raw/Normal/Normal-70.png,Normal,0,train
/home/user/Tuberculosis_detection/data/raw/Normal/Normal-700.png,Normal,0,train
/home/user/Tuberculosis_detection/data/raw/Normal/Normal-701.png,Normal,0,test
/home/user/Tuberculosis_detection/data/raw/Normal/Normal-702.png,Normal,0,test
/home/user/Tuberculosis_detection/data/raw/Normal/Normal-703.png,Normal,0,train
/home/user/Tuberculosis_detection/data/raw/Normal/Normal-704.png,Normal,0,train
/home/user/Tuberculosis_detection/data/raw/Normal/Normal-705.png,Normal,0,val
/home/user/Tuberculosis_detection/data/raw/Normal/Normal-706.png,Normal,0,train
/home/user/Tuberculosis_detection/data/raw/Normal/Normal-707.png,Normal,0,train
/home/user/Tuberculosis_detection/data/raw/Normal/Normal-708.png,Normal,0,test
/home/user/Tuberculosis_detection/data/raw/Normal/Normal-709.png,Normal,0,test
/home/user/Tuberculosis_detection/data/raw/Normal/Normal-71.png,Normal,0,val
/home/user/Tuberculosis_detection/data/raw/Normal/Normal-710.png,Normal,0,train
/home/user/Tuberculosis_detection/data/raw/Normal/Normal-711.png,Normal,0,train
/home/user/Tuberculosis_detection/data/raw/Normal/Normal-712.png,Normal,0,val
/home/user/Tuberculosis_detection/data/raw/Normal/Normal-713.png,Normal,0,val
/home/user/Tuberculosis_detection/data/raw/Normal/Normal-714.png,Normal,0,train
/home/user/Tuberculosis_detection/data/raw/Normal/Normal-715.png,Normal,0,val
/home/user/Tuberculosis_detection/data/raw/Normal/Normal-716.png,Normal,0,train
/home/user/Tuberculosis_detection/data/raw/Normal/Normal-717.png,Normal,0,train
/home/user/Tuberculosis_detection/data/raw/Normal/Normal-718.png,Normal,0,train
/home/user/Tuberculosis_detection/data/raw/Normal/Normal-719.png,Normal,0,train
/home/user/Tuberculosis_detection/data/raw/Normal/Normal-72.png,Normal,0,train
/home/user/Tuberculosis_detection/data/raw/Normal/Normal-720.png,Normal,0,val
/home/user/Tuberculosis_detection/data/raw/Normal/Normal-721.png,Normal,0,train
/home/user/Tuberculosis_detection/data/raw/Normal/Normal-722.png,Normal,0,train
/home/user/Tuberculosis_detection/data/raw/Normal/Normal-723.png,Normal,0,train
/home/user/Tuberculosis_detection/data/raw/Normal/Normal-724.png,Normal,0,train
/home/user/Tuberculosis_detection/data/raw/Normal/Normal-725.png,Normal,0,train
/home/user/Tuberculosis_detection/data/raw/Normal/Normal-726.png,Normal,0,train
/home/user/Tuberculosis_detection/data/raw/Normal/Normal-727.png,Normal,0,val
/home/user/Tuberculosis_detection/data/raw/Normal/Normal-728.png,Normal,0,val
/home/user/Tuberculosis_detection/data/raw/Normal/Normal-729.png,Normal,0,train
/home/user/Tuberculosis_detection/data/raw/Normal/Normal-73.png,Normal,0,train
/home/user/Tuberculosis_detection/data/raw/Normal/Normal-730.png,Normal,0,test
/home/user/Tuberculosis_detection/data/raw/Normal/Normal-731.png,Normal,0,train
/home/user/Tuberculosis_detection/data/raw/Normal/Normal-732.png,Normal,0,val
/home/user/Tuberculosis_detection/data/raw/Normal/Normal-733.png,Normal,0,test
/home/user/Tuberculosis_detection/data/raw/Normal/Normal-734.png,Normal,0,val
/home/user/Tuberculosis_detection/data/raw/Normal/Normal-735.png,Normal,0,train
/home/user/Tuberculosis_detection/data/raw/Normal/Normal-736.png,Normal,0,val
/home/user/Tuberculosis_detection/data/raw/Normal/Normal-737.png,Normal,0,train
/home/user/Tuberculosis_detection/data/raw/Normal/Normal-738.png,Normal,0,train
/home/user/Tuberculosis_detection/data/raw/Normal/Normal-739.png,Normal,0,train
/home/user/Tuberculosis_detection/data/raw/Normal/Normal-74.png,Normal,0,train
/home/user/Tuberculosis_detection/data/raw/Normal/Normal-740.png,Normal,0,train
/home/user/Tuberculosis_detection/data/raw/Normal/Normal-741.png,Normal,0,train
/home/user/Tuberculosis_detection/data/raw/Normal/Normal-742.png,Normal,0,train
/home/user/Tuberculosis_detection/data/raw/Normal/Normal-743.png,Normal,0,train
/home/user/Tuberculosis_detection/data/raw/Normal/Normal-744.png,Normal,0,train
/home/user/Tuberculosis_detection/data/raw/Normal/Normal-745.png,Normal,0,val
/home/user/Tuberculosis_detection/data/raw/Normal/Normal-746.png,Normal,0,test
/home/user/Tuberculosis_detection/data/raw/Normal/Normal-747.png,Normal,0,train
/home/user/Tuberculosis_detection/data/raw/Normal/Normal-748.png,Normal,0,train
/home/user/Tuberculosis_detection/data/raw/Normal/Normal-749.png,Normal,0,test
/home/user/Tuberculosis_detection/data/raw/Normal/Normal-75.png,Normal,0,val
/home/user/Tuberculosis_detection/data/raw/Normal/Normal-750.png,Normal,0,test
/home/user/Tuberculosis_detection/data/raw/Normal/Normal-751.png,Normal,0,test
/home/user/Tuberculosis_detection/data/raw/Normal/Normal-752.png,Normal,0,train
/home/user/Tuberculosis_detection/data/raw/Normal/Normal-753.png,Normal,0,train
/home/user/Tuberculosis_detection/data/raw/Normal/Normal-754.png,Normal,0,train
/home/user/Tuberculosis_detection/data/raw/Normal/Normal-755.png,Normal,0,train
/home/user/Tuberculosis_detection/data/raw/Normal/Normal-756.png,Normal,0,train
/home/user/Tuberculosis_detection/data/raw/Normal/Normal-757.png,Normal,0,val
/home/user/Tuberculosis_detection/data/raw/Normal/Normal-758.png,Normal,0,train
/home/user/Tuberculosis_detection/data/raw/Normal/Normal-759.png,Normal,0,train
/home/user/Tuberculosis_detection/data/raw/Normal/Normal-76.png,Normal,0,val
/home/user/Tuberculosis_detection/data/raw/Normal/Normal-760.png,Normal,0,test
/home/user/Tuberculosis_detection/data/raw/Normal/Normal-761.png,Normal,0,test
/home/user/Tuberculosis_detection/data/raw/Normal/Normal-762.png,Normal,0,train
/home/user/Tuberculosis_detection/data/raw/Normal/Normal-763.png,Normal,0,train
/home/user/Tuberculosis_detection/data/raw/Normal/Normal-764.png,Normal,0,val
/home/user/Tuberculosis_detection/data/raw/Normal/Normal-765.png,Normal,0,test
/home/user/Tuberculosis_detection/data/raw/Normal/Normal-766.png,Normal,0,test
/home/user/Tuberculosis_detection/data/raw/Normal/Normal-767.png,Normal,0,train
/home/user/Tuberculosis_detection/data/raw/Normal/Normal-768.png,Normal,0,train
/home/user/Tuberculosis_detection/data/raw/Normal/Normal-769.png,Normal,0,train
/home/user/Tuberculosis_detection/data/raw/Normal/Normal-77.png,Normal,0,test
/home/user/Tuberculosis_detection/data/raw/Normal/Normal-770.png,Normal,0,test
/home/user/Tuberculosis_detection/data/raw/Normal/Normal-771.png,Normal,0,train
/home/user/Tuberculosis_detection/data/raw/Normal/Normal-772.png,Normal,0,test
/home/user/Tuberculosis_detection/data/raw/Normal/Normal-773.png,Normal,0,test
/home/user/Tuberculosis_detection/data/raw/Normal/Normal-774.png,Normal,0,train
/home/user/Tuberculosis_detection/data/raw/Normal/Normal-775.png,Normal,0,train
/home/user/Tuberculosis_detection/data/raw/Normal/Normal-776.png,Normal,0,train
/home/user/Tuberculosis_detection/data/raw/Normal/Normal-777.png,Normal,0,val
/home/user/Tuberculosis_detection/data/raw/Normal/Normal-778.png,Normal,0,train
/home/user/Tuberculosis_detection/data/raw/Normal/Normal-779.png,Normal,0,val
/home/user/Tuberculosis_detection/data/raw/Normal/Normal-78.png,Normal,0,train
/home/user/Tuberculosis_detection/data/raw/Normal/Normal-780.png,Normal,0,train
/home/user/Tuberculosis_detection/data/raw/Normal/Normal-781.png,Normal,0,val
/home/user/Tuberculosis_detection/data/raw/Normal/Normal-782.png,Normal,0,train
/home/user/Tuberculosis_detection/data/raw/Normal/Normal-783.png,Normal,0,val
/home/user/Tuberculosis_detection/data/raw/Normal/Normal-784.png,Normal,0,train
/home/user/Tuberculosis_detection/data/raw/Normal/Normal-785.png,Normal,0,test
/home/user/Tuberculosis_detection/data/raw/Normal/Normal-786.png,Normal,0,train
/home/user/Tuberculosis_detection/data/raw/Normal/Normal-787.png,Normal,0,train
/home/user/Tuberculosis_detection/data/raw/Normal/Normal-788.png,Normal,0,train
/home/user/Tuberculosis_detection/data/raw/Normal/Normal-789.png,Normal,0,val
/home/user/Tuberculosis_detection/data/raw/Normal/Normal-79.png,Normal,0,train
/home/user/Tuberculosis_detection/data/raw/Normal/Normal-790.png,Normal,0,test
/home/user/Tuberculosis_detection/data/raw/Normal/Normal-791.png,Normal,0,test
/home/user/Tuberculosis_detection/data/raw/Normal/Normal-792.png,Normal,0,train
/home/user/Tuberculosis_detection/data/raw/Normal/Normal-793.png,Normal,0,train
/home/user/Tuberculosis_detection/data/raw/Normal/Normal-794.png,Normal,0,train
/home/user/Tuberculosis_detection/data/raw/Normal/Normal-795.png,Normal,0,test
/home/user/Tuberculosis_detection/data/raw/Normal/Normal-796.png,Normal,0,train
/home/user/Tuberculosis_detection/data/raw/Normal/Normal-797.png,Normal,0,train
/home/user/Tuberculosis_detection/data/raw/Normal/Normal-798.png,Normal,0,train
/home/user/Tuberculosis_detection/data/raw/Normal/Normal-799.png,Normal,0,val
/home/user/Tuberculosis_detection/data/raw/Normal/Normal-8.png,Normal,0,train
/home/user/Tuberculosis_detection/data/raw/Normal/Normal-80.png,Normal,0,val
/home/user/Tuberculosis_detection/data/raw/Normal/Normal-800.png,Normal,0,test
/home/user/Tuberculosis_detection/data/raw/Normal/Normal-801.png,Normal,0,train
/home/user/Tuberculosis_detection/data/raw/Normal/Normal-802.png,Normal,0,train
/home/user/Tuberculosis_detection/data/raw/Normal/Normal-803.png,Normal,0,train
/home/user/Tuberculosis_detection/data/raw/Normal/Normal-804.png,Normal,0,train
/home/user/Tuberculosis_detection/data/raw/Normal/Normal-805.png,Normal,0,train
/home/user/Tuberculosis_detection/data/raw/Normal/Normal-806.png,Normal,0,val
/home/user/Tuberculosis_detection/data/raw/Normal/Normal-807.png,Normal,0,train
/home/user/Tuberculosis_detection/data/raw/Normal/Normal-808.png,Normal,0,train
/home/user/Tuberculosis_detection/data/raw/Normal/Normal-809.png,Normal,0,train
/home/user/Tuberculosis_detection/data/raw/Normal/Normal-81.png,Normal,0,train
/home/user/Tuberculosis_detection/data/raw/Normal/Normal-810.png,Normal,0,train
/home/user/Tuberculosis_detection/data/raw/Normal/Normal-811.png,Normal,0,train
/home/user/Tuberculosis_detection/data/raw/Normal/Normal-812.png,Normal,0,train
/home/user/Tuberculosis_detection/data/raw/Normal/Normal-813.png,Normal,0,train
/home/user/Tuberculosis_detection/data/raw/Normal/Normal-814.png,Normal,0,test
/home/user/Tuberculosis_detection/data/raw/Normal/Normal-815.png,Normal,0,train
/home/user/Tuberculosis_detection/data/raw/Normal/Normal-816.png,Normal,0,test
/home/user/Tuberculosis_detection/data/raw/Normal/Normal-817.png,Normal,0,train
/home/user/Tuberculosis_detection/data/raw/Normal/Normal-818.png,Normal,0,train
/home/user/Tuberculosis_detection/data/raw/Normal/Normal-819.png,Normal,0,test
/home/user/Tuberculosis_detection/data/raw/Normal/Normal-82.png,Normal,0,train
/home/user/Tuberculosis_detection/data/raw/Normal/Normal-820.png,Normal,0,train
/home/user/Tuberculosis_detection/data/raw/Normal/Normal-821.png,Normal,0,train
/home/user/Tuberculosis_detection/data/raw/Normal/Normal-822.png,Normal,0,val
/home/user/Tuberculosis_detection/data/raw/Normal/Normal-823.png,Normal,0,train
/home/user/Tuberculosis_detection/data/raw/Normal/Normal-824.png,Normal,0,train
/home/user/Tuberculosis_detection/data/raw/Normal/Normal-825.png,Normal,0,train
/home/user/Tuberculosis_detection/data/raw/Normal/Normal-826.png,Normal,0,train
/home/user/Tuberculosis_detection/data/raw/Normal/Normal-827.png,Normal,0,train
/home/user/Tuberculosis_detection/data/raw/Normal/Normal-828.png,Normal,0,val
/home/user/Tuberculosis_detection/data/raw/Normal/Normal-829.png,Normal,0,val
/home/user/Tuberculosis_detection/data/raw/Normal/Normal-83.png,Normal,0,train
/home/user/Tuberculosis_detection/data/raw/Normal/Normal-830.png,Normal,0,test
/home/user/Tuberculosis_detection/data/raw/Normal/Normal-831.png,Normal,0,train
/home/user/Tuberculosis_detection/data/raw/Normal/Normal-832.png,Normal,0,test
/home/user/Tuberculosis_detection/data/raw/Normal/Normal-833.png,Normal,0,train
/home/user/Tuberculosis_detection/data/raw/Normal/Normal-834.png,Normal,0,test
/home/user/Tuberculosis_detection/data/raw/Normal/Normal-835.png,Normal,0,test
/home/user/Tuberculosis_detection/data/raw/Normal/Normal-836.png,Normal,0,test
/home/user/Tuberculosis_detection/data/raw/Normal/Normal-837.png,Normal,0,train
/home/user/Tuberculosis_detection/data/raw/Normal/Normal-838.png,Normal,0,train
/home/user/Tuberculosis_detection/data/raw/Normal/Normal-839.png,Normal,0,train
/home/user/Tuberculosis_detection/data/raw/Normal/Normal-84.png,Normal,0,train
/home/user/Tuberculosis_detection/data/raw/Normal/Normal-840.png,Normal,0,test
/home/user/Tuberculosis_detection/data/raw/Normal/Normal-841.png,Normal,0,test
/home/user/Tuberculosis_detection/data/raw/Normal/Normal-842.png,Normal,0,train
/home/user/Tuberculosis_detection/data/raw/Normal/Normal-843.png,Normal,0,train
/home/user/Tuberculosis_detection/data/raw/Normal/Normal-844.png,Normal,0,val
/home/user/Tuberculosis_detection/data/raw/Normal/Normal-845.png,Normal,0,train
/home/user/Tuberculosis_detection/data/raw/Normal/Normal-846.png,Normal,0,test
/home/user/Tuberculosis_detection/data/raw/Normal/Normal-847.png,Normal,0,val
/home/user/Tuberculosis_detection/data/raw/Normal/Normal-848.png,Normal,0,train
/home/user/Tuberculosis_detection/data/raw/Normal/Normal-849.png,Normal,0,train
/home/user/Tuberculosis_detection/data/raw/Normal/Normal-85.png,Normal,0,test
/home/user/Tuberculosis_detection/data/raw/Normal/Normal-850.png,Normal,0,train
/home/user/Tuberculosis_detection/data/raw/Normal/Normal-851.png,Normal,0,train
/home/user/Tuberculosis_detection/data/raw/Normal/Normal-852.png,Normal,0,val
/home/user/Tuberculosis_detection/data/raw/Normal/Normal-853.png,Normal,0,train
/home/user/Tuberculosis_detection/data/raw/Normal/Normal-854.png,Normal,0,train
/home/user/Tuberculosis_detection/data/raw/Normal/Normal-855.png,Normal,0,test
/home/user/Tuberculosis_detection/data/raw/Normal/Normal-856.png,Normal,0,test
/home/user/Tuberculosis_detection/data/raw/Normal/Normal-857.png,Normal,0,train
/home/user/Tuberculosis_detection/data/raw/Normal/Normal-858.png,Normal,0,train
/home/user/Tuberculosis_detection/data/raw/Normal/Normal-859.png,Normal,0,train
/home/user/Tuberculosis_detection/data/raw/Normal/Normal-86.png,Normal,0,train
/home/user/Tuberculosis_detection/data/raw/Normal/Normal-860.png,Normal,0,train
/home/user/Tuberculosis_detection/data/raw/Normal/Normal-861.png,Normal,0,val
/home/user/Tuberculosis_detection/data/raw/Normal/Normal-862.png,Normal,0,train
/home/user/Tuberculosis_detection/data/raw/Normal/Normal-863.png,Normal,0,train
/home/user/Tuberculosis_detection/data/raw/Normal/Normal-864.png,Normal,0,train
/home/user/Tuberculosis_detection/data/raw/Normal/Normal-865.png,Normal,0,val
/home/user/Tuberculosis_detection/data/raw/Normal/Normal-866.png,Normal,0,val
/home/user/Tuberculosis_detection/data/raw/Normal/Normal-867.png,Normal,0,train
/home/user/Tuberculosis_detection/data/raw/Normal/Normal-868.png,Normal,0,train
/home/user/Tuberculosis_detection/data/raw/Normal/Normal-869.png,Normal,0,train
/home/user/Tuberculosis_detection/data/raw/Normal/Normal-87.png,Normal,0,val
/home/user/Tuberculosis_detection/data/raw/Normal/Normal-870.png,Normal,0,train
/home/user/Tuberculosis_detection/data/raw/Normal/Normal-871.png,Normal,0,val
/home/user/Tuberculosis_detection/data/raw/Normal/Normal-872.png,Normal,0,train
/home/user/Tuberculosis_detection/data/raw/Normal/Normal-873.png,Normal,0,train
/home/user/Tuberculosis_detection/data/raw/Normal/Normal-874.png,Normal,0,train
/home/user/Tuberculosis_detection/data/raw/Normal/Normal-875.png,Normal,0,train
/home/user/Tuberculosis_detection/data/raw/Normal/Normal-876.png,Normal,0,test
/home/user/Tuberculosis_detection/data/raw/Normal/Normal-877.png,Normal,0,train
/home/user/Tuberculosis_detection/data/raw/Normal/Normal-878.png,Normal,0,train
/home/user/Tuberculosis_detection/data/raw/Normal/Normal-879.png,Normal,0,val
/home/user/Tuberculosis_detection/data/raw/Normal/Normal-88.png,Normal,0,train
/home/user/Tuberculosis_detection/data/raw/Normal/Normal-880.png,Normal,0,train
/home/user/Tuberculosis_detection/data/raw/Normal/Normal-881.png,Normal,0,train
/home/user/Tuberculosis_detection/data/raw/Normal/Normal-882.png,Normal,0,train
/home/user/Tuberculosis_detection/data/raw/Normal/Normal-883.png,Normal,0,train
/home/user/Tuberculosis_detection/data/raw/Normal/Normal-884.png,Normal,0,train
/home/user/Tuberculosis_detection/data/raw/Normal/Normal-885.png,Normal,0,train
/home/user/Tuberculosis_detection/data/raw/Normal/Normal-886.png,Normal,0,train
/home/user/Tuberculosis_detection/data/raw/Normal/Normal-887.png,Normal,0,train
/home/user/Tuberculosis_detection/data/raw/Normal/Normal-888.png,Normal,0,test
/home/user/Tuberculosis_detection/data/raw/Normal/Normal-889.png,Normal,0,train
/home/user/Tuberculosis_detection/data/raw/Normal/Normal-89.png,Normal,0,test
/home/user/Tuberculosis_detection/data/raw/Normal/Normal-890.png,Normal,0,val
/home/user/Tuberculosis_detection/data/raw/Normal/Normal-891.png,Normal,0,train
/home/user/Tuberculosis_detection/data/raw/Normal/Normal-892.png,Normal,0,train
/home/user/Tuberculosis_detection/data/raw/Normal/Normal-893.png,Normal,0,train
/home/user/Tuberculosis_detection/data/raw/Normal/Normal-894.png,Normal,0,train
/home/user/Tuberculosis_detection/data/raw/Normal/Normal-895.png,Normal,0,train
/home/user/Tuberculosis_detection/data/raw/Normal/Normal-896.png,Normal,0,train
/home/user/Tuberculosis_detection/data/raw/Normal/Normal-897.png,Normal,0,test
/home/user/Tuberculosis_detection/data/raw/Normal/Normal-898.png,Normal,0,train
/home/user/Tuberculosis_detection/data/raw/Normal/Normal-899.png,Normal,0,test
/home/user/Tuberculosis_detection/data/raw/Normal/Normal-9.png,Normal,0,train
/home/user/Tuberculosis_detection/data/raw/Normal/Normal-90.png,Normal,0,val
/home/user/Tuberculosis_detection/data/raw/Normal/Normal-900.png,Normal,0,val
/home/user/Tuberculosis_detection/data/raw/Normal/Normal-901.png,Normal,0,test
/home/user/Tuberculosis_detection/data/raw/Normal/Normal-902.png,Normal,0,val
/home/user/Tuberculosis_detection/data/raw/Normal/Normal-903.png,Normal,0,train
/home/user/Tuberculosis_detection/data/raw/Normal/Normal-904.png,Normal,0,train
/home/user/Tuberculosis_detection/data/raw/Normal/Normal-905.png,Normal,0,test
/home/user/Tuberculosis_detection/data/raw/Normal/Normal-906.png,Normal,0,train
/home/user/Tuberculosis_detection/data/raw/Normal/Normal-907.png,Normal,0,val
/home/user/Tuberculosis_detection/data/raw/Normal/Normal-908.png,Normal,0,train
/home/user/Tuberculosis_detection/data/raw/Normal/Normal-909.png,Normal,0,train
/home/user/Tuberculosis_detection/data/raw/Normal/Normal-91.png,Normal,0,test
/home/user/Tuberculosis_detection/data/raw/Normal/Normal-910.png,Normal,0,train
/home/user/Tuberculosis_detection/data/raw/Normal/Normal-911.png,Normal,0,train
/home/user/Tuberculosis_detection/data/raw/Normal/Normal-912.png,Normal,0,train
/home/user/Tuberculosis_detection/data/raw/Normal/Normal-913.png,Normal,0,train
/home/user/Tuberculosis_detection/data/raw/Normal/Normal-914.png,Normal,0,train
/home/user/Tuberculosis_detection/data/raw/Normal/Normal-915.png,Normal,0,val
/home/user/Tuberculosis_detection/data/raw/Normal/Normal-916.png,Normal,0,train
/home/user/Tuberculosis_detection/data/raw/Normal/Normal-917.png,Normal,0,train
/home/user/Tuberculosis_detection/data/raw/Normal/Normal-918.png,Normal,0,train
/home/user/Tuberculosis_detection/data/raw/Normal/Normal-919.png,Normal,0,test
/home/user/Tuberculosis_detection/data/raw/Normal/Normal-92.png,Normal,0,test
/home/user/Tuberculosis_detection/data/raw/Normal/Normal-920.png,Normal,0,train
/home/user/Tuberculosis_detection/data/raw/Normal/Normal-921.png,Normal,0,train
/home/user/Tuberculosis_detection/data/raw/Normal/Normal-922.png,Normal,0,train
/home/user/Tuberculosis_detection/data/raw/Normal/Normal-923.png,Normal,0,train
/home/user/Tuberculosis_detection/data/raw/Normal/Normal-924.png,Normal,0,train
/home/user/Tuberculosis_detection/data/raw/Normal/Normal-925.png,Normal,0,val
/home/user/Tuberculosis_detection/data/raw/Normal/Normal-926.png,Normal,0,train
/home/user/Tuberculosis_detection/data/raw/Normal/Normal-927.png,Normal,0,train
/home/user/Tuberculosis_detection/data/raw/Normal/Normal-928.png,Normal,0,train
/home/user/Tuberculosis_detection/data/raw/Normal/Normal-929.png,Normal,0,train
/home/user/Tuberculosis_detection/data/raw/Normal/Normal-93.png,Normal,0,train
/home/user/Tuberculosis_detection/data/raw/Normal/Normal-930.png,Normal,0,train
/home/user/Tuberculosis_detection/data/raw/Normal/Normal-931.png,Normal,0,val
/home/user/Tuberculosis_detection/data/raw/Normal/Normal-932.png,Normal,0,train
/home/user/Tuberculosis_detection/data/raw/Normal/Normal-933.png,Normal,0,val
/home/user/Tuberculosis_detection/data/raw/Normal/Normal-934.png,Normal,0,test
/home/user/Tuberculosis_detection/data/raw/Normal/Normal-935.png,Normal,0,train
/home/user/Tuberculosis_detection/data/raw/Normal/Normal-936.png,Normal,0,train
/home/user/Tuberculosis_detection/data/raw/Normal/Normal-937.png,Normal,0,test
/home/user/Tuberculosis_detection/data/raw/Normal/Normal-938.png,Normal,0,train
/home/user/Tuberculosis_detection/data/raw/Normal/Normal-939.png,Normal,0,train
/home/user/Tuberculosis_detection/data/raw/Normal/Normal-94.png,Normal,0,train
/home/user/Tuberculosis_detection/data/raw/Normal/Normal-940.png,Normal,0,train
/home/user/Tuberculosis_detection/data/raw/Normal/Normal-941.png,Normal,0,train
/home/user/Tuberculosis_detection/data/raw/Normal/Normal-942.png,Normal,0,train
/home/user/Tuberculosis_detection/data/raw/Normal/Normal-943.png,Normal,0,train
/home/user/Tuberculosis_detection/data/raw/Normal/Normal-944.png,Normal,0,train
/home/user/Tuberculosis_detection/data/raw/Normal/Normal-945.png,Normal,0,train
/home/user/Tuberculosis_detection/data/raw/Normal/Normal-946.png,Normal,0,train
/home/user/Tuberculosis_detection/data/raw/Normal/Normal-947.png,Normal,0,train
/home/user/Tuberculosis_detection/data/raw/Normal/Normal-948.png,Normal,0,train
/home/user/Tuberculosis_detection/data/raw/Normal/Normal-949.png,Normal,0,val
/home/user/Tuberculosis_detection/data/raw/Normal/Normal-95.png,Normal,0,test
/home/user/Tuberculosis_detection/data/raw/Normal/Normal-950.png,Normal,0,train
/home/user/Tuberculosis_detection/data/raw/Normal/Normal-951.png,Normal,0,train
/home/user/Tuberculosis_detection/data/raw/Normal/Normal-952.png,Normal,0,train
/home/user/Tuberculosis_detection/data/raw/Normal/Normal-953.png,Normal,0,test
/home/user/Tuberculosis_detection/data/raw/Normal/Normal-954.png,Normal,0,val
/home/user/Tuberculosis_detection/data/raw/Normal/Normal-955.png,Normal,0,train
/home/user/Tuberculosis_detection/data/raw/Normal/Normal-956.png,Normal,0,test
/home/user/Tuberculosis_detection/data/raw/Normal/Normal-957.png,Normal,0,val
/home/user/Tuberculosis_detection/data/raw/Normal/Normal-958.png,Normal,0,train
/home/user/Tuberculosis_detection/data/raw/Normal/Normal-959.png,Normal,0,test
/home/user/Tuberculosis_detection/data/raw/Normal/Normal-96.png,Normal,0,train
/home/user/Tuberculosis_detection/data/raw/Normal/Normal-960.png,Normal,0,train
/home/user/Tuberculosis_detection/data/raw/Normal/Normal-961.png,Normal,0,train
/home/user/Tuberculosis_detection/data/raw/Normal/Normal-962.png,Normal,0,train
/home/user/Tuberculosis_detection/data/raw/Normal/Normal-963.png,Normal,0,train
/home/user/Tuberculosis_detection/data/raw/Normal/Normal-964.png,Normal,0,val
/home/user/Tuberculosis_detection/data/raw/Normal/Normal-965.png,Normal,0,train
/home/user/Tuberculosis_detection/data/raw/Normal/Normal-966.png,Normal,0,train
/home/user/Tuberculosis_detection/data/raw/Normal/Normal-967.png,Normal,0,test
/home/user/Tuberculosis_detection/data/raw/Normal/Normal-968.png,Normal,0,train
/home/user/Tuberculosis_detection/data/raw/Normal/Normal-969.png,Normal,0,train
/home/user/Tuberculosis_detection/data/raw/Normal/Normal-97.png,Normal,0,val
/home/user/Tuberculosis_detection/data/raw/Normal/Normal-970.png,Normal,0,val
/home/user/Tuberculosis_detection/data/raw/Normal/Normal-971.png,Normal,0,train
/home/user/Tuberculosis_detection/data/raw/Normal/Normal-972.png,Normal,0,val
/home/user/Tuberculosis_detection/data/raw/Normal/Normal-973.png,Normal,0,val
/home/user/Tuberculosis_detection/data/raw/Normal/Normal-974.png,Normal,0,train
/home/user/Tuberculosis_detection/data/raw/Normal/Normal-975.png,Normal,0,train
/home/user/Tuberculosis_detection/data/raw/Normal/Normal-976.png,Normal,0,train
/home/user/Tuberculosis_detection/data/raw/Normal/Normal-977.png,Normal,0,test
/home/user/Tuberculosis_detection/data/raw/Normal/Normal-978.png,Normal,0,train
/home/user/Tuberculosis_detection/data/raw/Normal/Normal-979.png,Normal,0,train
/home/user/Tuberculosis_detection/data/raw/Normal/Normal-98.png,Normal,0,train
/home/user/Tuberculosis_detection/data/raw/Normal/Normal-980.png,Normal,0,train
/home/user/Tuberculosis_detection/data/raw/Normal/Normal-981.png,Normal,0,train
/home/user/Tuberculosis_detection/data/raw/Normal/Normal-982.png,Normal,0,train
/home/user/Tuberculosis_detection/data/raw/Normal/Normal-983.png,Normal,0,test
/home/user/Tuberculosis_detection/data/raw/Normal/Normal-984.png,Normal,0,test
/home/user/Tuberculosis_detection/data/raw/Normal/Normal-985.png,Normal,0,train
/home/user/Tuberculosis_detection/data/raw/Normal/Normal-986.png,Normal,0,train
/home/user/Tuberculosis_detection/data/raw/Normal/Normal-987.png,Normal,0,test
/home/user/Tuberculosis_detection/data/raw/Normal/Normal-988.png,Normal,0,train
/home/user/Tuberculosis_detection/data/raw/Normal/Normal-989.png,Normal,0,train
/home/user/Tuberculosis_detection/data/raw/Normal/Normal-99.png,Normal,0,train
/home/user/Tuberculosis_detection/data/raw/Normal/Normal-990.png,Normal,0,train
/home/user/Tuberculosis_detection/data/raw/Normal/Normal-991.png,Normal,0,train
/home/user/Tuberculosis_detection/data/raw/Normal/Normal-992.png,Normal,0,train
/home/user/Tuberculosis_detection/data/raw/Normal/Normal-993.png,Normal,0,test
/home/user/Tuberculosis_detection/data/raw/Normal/Normal-994.png,Normal,0,train
/home/user/Tuberculosis_detection/data/raw/Normal/Normal-995.png,Normal,0,train
/home/user/Tuberculosis_detection/data/raw/Normal/Normal-996.png,Normal,0,val
/home/user/Tuberculosis_detection/data/raw/Normal/Normal-997.png,Normal,0,test
/home/user/Tuberculosis_detection/data/raw/Normal/Normal-998.png,Normal,0,test
/home/user/Tuberculosis_detection/data/raw/Normal/Normal-999.png,Normal,0,val
/home/user/Tuberculosis_detection/data/raw/Tuberculosis/Tuberculosis-1.png,Tuberculosis,1,val
/home/user/Tuberculosis_detection/data/raw/Tuberculosis/Tuberculosis-10.png,Tuberculosis,1,test
/home/user/Tuberculosis_detection/data/raw/Tuberculosis/Tuberculosis-100.png,Tuberculosis,1,train
/home/user/Tuberculosis_detection/data/raw/Tuberculosis/Tuberculosis-101.png,Tuberculosis,1,train
/home/user/Tuberculosis_detection/data/raw/Tuberculosis/Tuberculosis-102.png,Tuberculosis,1,val
/home/user/Tuberculosis_detection/data/raw/Tuberculosis/Tuberculosis-103.png,Tuberculosis,1,train
/home/user/Tuberculosis_detection/data/raw/Tuberculosis/Tuberculosis-104.png,Tuberculosis,1,test
/home/user/Tuberculosis_detection/data/raw/Tuberculosis/Tuberculosis-105.png,Tuberculosis,1,test
/home/user/Tuberculosis_detection/data/raw/Tuberculosis/Tuberculosis-106.png,Tuberculosis,1,test
/home/user/Tuberculosis_detection/data/raw/Tuberculosis/Tuberculosis-107.png,Tuberculosis,1,test
/home/user/Tuberculosis_detection/data/raw/Tuberculosis/Tuberculosis-108.png,Tuberculosis,1,train
/home/user/Tuberculosis_detection/data/raw/Tuberculosis/Tuberculosis-109.png,Tuberculosis,1,test
/home/user/Tuberculosis_detection/data/raw/Tuberculosis/Tuberculosis-11.png,Tuberculosis,1,train
/home/user/Tuberculosis_detection/data/raw/Tuberculosis/Tuberculosis-110.png,Tuberculosis,1,val
/home/user/Tuberculosis_detection/data/raw/Tuberculosis/Tuberculosis-111.png,Tuberculosis,1,train
/home/user/Tuberculosis_detection/data/raw/Tuberculosis/Tuberculosis-112.png,Tuberculosis,1,train
/home/user/Tuberculosis_detection/data/raw/Tuberculosis/Tuberculosis-113.png,Tuberculosis,1,train
/home/user/Tuberculosis_detection/data/raw/Tuberculosis/Tuberculosis-114.png,Tuberculosis,1,train
/home/user/Tuberculosis_detection/data/raw/Tuberculosis/Tuberculosis-115.png,Tuberculosis,1,train
/home/user/Tuberculosis_detection/data/raw/Tuberculosis/Tuberculosis-116.png,Tuberculosis,1,test
/home/user/Tuberculosis_detection/data/raw/Tuberculosis/Tuberculosis-117.png,Tuberculosis,1,test
/home/user/Tuberculosis_detection/data/raw/Tuberculosis/Tuberculosis-118.png,Tuberculosis,1,test
/home/user/Tuberculosis_detection/data/raw/Tuberculosis/Tuberculosis-119.png,Tuberculosis,1,train
/home/user/Tuberculosis_detection/data/raw/Tuberculosis/Tuberculosis-12.png,Tuberculosis,1,val
/home/user/Tuberculosis_detection/data/raw/Tuberculosis/Tuberculosis-120.png,Tuberculosis,1,train
/home/user/Tuberculosis_detection/data/raw/Tuberculosis/Tuberculosis-121.png,Tuberculosis,1,train
/home/user/Tuberculosis_detection/data/raw/Tuberculosis/Tuberculosis-122.png,Tuberculosis,1,train
/home/user/Tuberculosis_detection/data/raw/Tuberculosis/Tuberculosis-123.png,Tuberculosis,1,val
/home/user/Tuberculosis_detection/data/raw/Tuberculosis/Tuberculosis-124.png,Tuberculosis,1,train
/home/user/Tuberculosis_detection/data/raw/Tuberculosis/Tuberculosis-125.png,Tuberculosis,1,train
/home/user/Tuberculosis_detection/data/raw/Tuberculosis/Tuberculosis-126.png,Tuberculosis,1,train
/home/user/Tuberculosis_detection/data/raw/Tuberculosis/Tuberculosis-127.png,Tuberculosis,1,train
/home/user/Tuberculosis_detection/data/raw/Tuberculosis/Tuberculosis-128.png,Tuberculosis,1,train
/home/user/Tuberculosis_detection/data/raw/Tuberculosis/Tuberculosis-129.png,Tuberculosis,1,train
/home/user/Tuberculosis_detection/data/raw/Tuberculosis/Tuberculosis-13.png,Tuberculosis,1,test
/home/user/Tuberculosis_detection/data/raw/Tuberculosis/Tuberculosis-130.png,Tuberculosis,1,train
/home/user/Tuberculosis_detection/data/raw/Tuberculosis/Tuberculosis-131.png,Tuberculosis,1,train
/home/user/Tuberculosis_detection/data/raw/Tuberculosis/Tuberculosis-132.png,Tuberculosis,1,train
/home/user/Tuberculosis_detection/data/raw/Tuberculosis/Tuberculosis-133.png,Tuberculosis,1,val
/home/user/Tuberculosis_detection/data/raw/Tuberculosis/Tuberculosis-134.png,Tuberculosis,1,train
/home/user/Tuberculosis_detection/data/raw/Tuberculosis/Tuberculosis-135.png,Tuberculosis,1,train
/home/user/Tuberculosis_detection/data/raw/Tuberculosis/Tuberculosis-136.png,Tuberculosis,1,train
/home/user/Tuberculosis_detection/data/raw/Tuberculosis/Tuberculosis-137.png,Tuberculosis,1,train
/home/user/Tuberculosis_detection/data/raw/Tuberculosis/Tuberculosis-138.png,Tuberculosis,1,train
/home/user/Tuberculosis_detection/data/raw/Tuberculosis/Tuberculosis-139.png,Tuberculosis,1,train
/home/user/Tuberculosis_detection/data/raw/Tuberculosis/Tuberculosis-14.png,Tuberculosis,1,test
/home/user/Tuberculosis_detection/data/raw/Tuberculosis/Tuberculosis-140.png,Tuberculosis,1,train
/home/user/Tuberculosis_detection/data/raw/Tuberculosis/Tuberculosis-141.png,Tuberculosis,1,train
/home/user/Tuberculosis_detection/data/raw/Tuberculosis/Tuberculosis-142.png,Tuberculosis,1,train
/home/user/Tuberculosis_detection/data/raw/Tuberculosis/Tuberculosis-143.png,Tuberculosis,1,train
/home/user/Tuberculosis_detection/data/raw/Tuberculosis/Tuberculosis-144.png,Tuberculosis,1,train
/home/user/Tuberculosis_detection/data/raw/Tuberculosis/Tuberculosis-145.png,Tuberculosis,1,train
/home/user/Tuberculosis_detection/data/raw/Tuberculosis/Tuberculosis-146.png,Tuberculosis,1,train
/home/user/Tuberculosis_detection/data/raw/Tuberculosis/Tuberculosis-147.png,Tuberculosis,1,train
/home/user/Tuberculosis_detection/data/raw/Tuberculosis/Tuberculosis-148.png,Tuberculosis,1,train
/home/user/Tuberculosis_detection/data/raw/Tuberculosis/Tuberculosis-149.png,Tuberculosis,1,train
/home/user/Tuberculosis_detection/data/raw/Tuberculosis/Tuberculosis-15.png,Tuberculosis,1,train
/home/user/Tuberculosis_detection/data/raw/Tuberculosis/Tuberculosis-150.png,Tuberculosis,1,train
/home/user/Tuberculosis_detection/data/raw/Tuberculosis/Tuberculosis-151.png,Tuberculosis,1,val
/home/user/Tuberculosis_detection/data/raw/Tuberculosis/Tuberculosis-152.png,Tuberculosis,1,train
/home/user/Tuberculosis_detection/data/raw/Tuberculosis/Tuberculosis-153.png,Tuberculosis,1,train
/home/user/Tuberculosis_detection/data/raw/Tuberculosis/Tuberculosis-154.png,Tuberculosis,1,train
/home/user/Tuberculosis_detection/data/raw/Tuberculosis/Tuberculosis-155.png,Tuberculosis,1,train
/home/user/Tuberculosis_detection/data/raw/Tuberculosis/Tuberculosis-156.png,Tuberculosis,1,train
/home/user/Tuberculosis_detection/data/raw/Tuberculosis/Tuberculosis-157.png,Tuberculosis,1,train
/home/user/Tuberculosis_detection/data/raw/Tuberculosis/Tuberculosis-158.png,Tuberculosis,1,val
/home/user/Tuberculosis_detection/data/raw/Tuberculosis/Tuberculosis-159.png,Tuberculosis,1,train
/home/user/Tuberculosis_detection/data/raw/Tuberculosis/Tuberculosis-16.png,Tuberculosis,1,train
/home/user/Tuberculosis_detection/data/raw/Tuberculosis/Tuberculosis-160.png,Tuberculosis,1,train
/home/user/Tuberculosis_detection/data/raw/Tuberculosis/Tuberculosis-161.png,Tuberculosis,1,train
/home/user/Tuberculosis_detection/data/raw/Tuberculosis/Tuberculosis-162.png,Tuberculosis,1,train
/home/user/Tuberculosis_detection/data/raw/Tuberculosis/Tuberculosis-163.png,Tuberculosis,1,train
/home/user/Tuberculosis_detection/data/raw/Tuberculosis/Tuberculosis-164.png,Tuberculosis,1,test
/home/user/Tuberculosis_detection/data/raw/Tuberculosis/Tuberculosis-165.png,Tuberculosis,1,train
/home/user/Tuberculosis_detection/data/raw/Tuberculosis/Tuberculosis-166.png,Tuberculosis,1,train
/home/user/Tuberculosis_detection/data/raw/Tuberculosis/Tuberculosis-167.png,Tuberculosis,1,train
/home/user/Tuberculosis_detection/data/raw/Tuberculosis/Tuberculosis-168.png,Tuberculosis,1,train
/home/user/Tuberculosis_detection/data/raw/Tuberculosis/Tuberculosis-169.png,Tuberculosis,1,train
/home/user/Tuberculosis_detection/data/raw/Tuberculosis/Tuberculosis-17.png,Tuberculosis,1,train
/home/user/Tuberculosis_detection/data/raw/Tuberculosis/Tuberculosis-170.png,Tuberculosis,1,train
/home/user/Tuberculosis_detection/data/raw/Tuberculosis/Tuberculosis-171.png,Tuberculosis,1,train
/home/user/Tuberculosis_detection/data/raw/Tuberculosis/Tuberculosis-172.png,Tuberculosis,1,train
/home/user/Tuberculosis_detection/data/raw/Tuberculosis/Tuberculosis-173.png,Tuberculosis,1,train
/home/user/Tuberculosis_detection/data/raw/Tuberculosis/Tuberculosis-174.png,Tuberculosis,1,test
/home/user/Tuberculosis_detection/data/raw/Tuberculosis/Tuberculosis-175.png,Tuberculosis,1,train
/home/user/Tuberculosis_detection/data/raw/Tuberculosis/Tuberculosis-176.png,Tuberculosis,1,val
/home/user/Tuberculosis_detection/data/raw/Tuberculosis/Tuberculosis-177.png,Tuberculosis,1,val
/home/user/Tuberculosis_detection/data/raw/Tuberculosis/Tuberculosis-178.png,Tuberculosis,1,train
/home/user/Tuberculosis_detection/data/raw/Tuberculosis/Tuberculosis-179.png,Tuberculosis,1,train
/home/user/Tuberculosis_detection/data/raw/Tuberculosis/Tuberculosis-18.png,Tuberculosis,1,test
/home/user/Tuberculosis_detection/data/raw/Tuberculosis/Tuberculosis-180.png,Tuberculosis,1,train
/home/user/Tuberculosis_detection/data/raw/Tuberculosis/Tuberculosis-181.png,Tuberculosis,1,val
/home/user/Tuberculosis_detection/data/raw/Tuberculosis/Tuberculosis-182.png,Tuberculosis,1,val
/home/user/Tuberculosis_detection/data/raw/Tuberculosis/Tuberculosis-183.png,Tuberculosis,1,train
/home/user/Tuberculosis_detection/data/raw/Tuberculosis/Tuberculosis-184.png,Tuberculosis,1,train
/home/user/Tuberculosis_detection/data/raw/Tuberculosis/Tuberculosis-185.png,Tuberculosis,1,train
/home/user/Tuberculosis_detection/data/raw/Tuberculosis/Tuberculosis-186.png,Tuberculosis,1,train
/home/user/Tuberculosis_detection/data/raw/Tuberculosis/Tuberculosis-187.png,Tuberculosis,1,train
/home/user/Tuberculosis_detection/data/raw/Tuberculosis/Tuberculosis-188.png,Tuberculosis,1,train
/home/user/Tuberculosis_detection/data/raw/Tuberculosis/Tuberculosis-189.png,Tuberculosis,1,val
/home/user/Tuberculosis_detection/data/raw/Tuberculosis/Tuberculosis-19.png,Tuberculosis,1,train
/home/user/Tuberculosis_detection/data/raw/Tuberculosis/Tuberculosis-190.png,Tuberculosis,1,train
/home/user/Tuberculosis_detection/data/raw/Tuberculosis/Tuberculosis-191.png,Tuberculosis,1,test
/home/user/Tuberculosis_detection/data/raw/Tuberculosis/Tuberculosis-192.png,Tuberculosis,1,train
/home/user/Tuberculosis_detection/data/raw/Tuberculosis/Tuberculosis-193.png,Tuberculosis,1,train
/home/user/Tuberculosis_detection/data/raw/Tuberculosis/Tuberculosis-194.png,Tuberculosis,1,test
/home/user/Tuberculosis_detection/data/raw/Tuberculosis/Tuberculosis-195.png,Tuberculosis,1,test
/home/user/Tuberculosis_detection/data/raw/Tuberculosis/Tuberculosis-196.png,Tuberculosis,1,train
/home/user/Tuberculosis_detection/data/raw/Tuberculosis/Tuberculosis-197.png,Tuberculosis,1,train
/home/user/Tuberculosis_detection/data/raw/Tuberculosis/Tuberculosis-198.png,Tuberculosis,1,train
/home/user/Tuberculosis_detection/data/raw/Tuberculosis/Tuberculosis-199.png,Tuberculosis,1,test
/home/user/Tuberculosis_detection/data/raw/Tuberculosis/Tuberculosis-2.png,Tuberculosis,1,train
/home/user/Tuberculosis_detection/data/raw/Tuberculosis/Tuberculosis-20.png,Tuberculosis,1,train
/home/user/Tuberculosis_detection/data/raw/Tuberculosis/Tuberculosis-200.png,Tuberculosis,1,val
/home/user/Tuberculosis_detection/data/raw/Tuberculosis/Tuberculosis-201.png,Tuberculosis,1,train
/home/user/Tuberculosis_detection/data/raw/Tuberculosis/Tuberculosis-202.png,Tuberculosis,1,val
/home/user/Tuberculosis_detection/data/raw/Tuberculosis/Tuberculosis-203.png,Tuberculosis,1,val
/home/user/Tuberculosis_detection/data/raw/Tuberculosis/Tuberculosis-204.png,Tuberculosis,1,train
/home/user/Tuberculosis_detection/data/raw/Tuberculosis/Tuberculosis-205.png,Tuberculosis,1,test
/home/user/Tuberculosis_detection/data/raw/Tuberculosis/Tuberculosis-206.png,Tuberculosis,1,train
/home/user/Tuberculosis_detection/data/raw/Tuberculosis/Tuberculosis-207.png,Tuberculosis,1,test
/home/user/Tuberculosis_detection/data/raw/Tuberculosis/Tuberculosis-208.png,Tuberculosis,1,val
/home/user/Tuberculosis_detection/data/raw/Tuberculosis/Tuberculosis-209.png,Tuberculosis,1,train
/home/user/Tuberculosis_detection/data/raw/Tuberculosis/Tuberculosis-21.png,Tuberculosis,1,train
/home/user/Tuberculosis_detection/data/raw/Tuberculosis/Tuberculosis-210.png,Tuberculosis,1,train
/home/user/Tuberculosis_detection/data/raw/Tuberculosis/Tuberculosis-211.png,Tuberculosis,1,val
/home/user/Tuberculosis_detection/data/raw/Tuberculosis/Tuberculosis-212.png,Tuberculosis,1,val
/home/user/Tuberculosis_detection/data/raw/Tuberculosis/Tuberculosis-213.png,Tuberculosis,1,train
/home/user/Tuberculosis_detection/data/raw/Tuberculosis/Tuberculosis-214.png,Tuberculosis,1,test
/home/user/Tuberculosis_detection/data/raw/Tuberculosis/Tuberculosis-215.png,Tuberculosis,1,val
/home/user/Tuberculosis_detection/data/raw/Tuberculosis/Tuberculosis-216.png,Tuberculosis,1,train
/home/user/Tuberculosis_detection/data/raw/Tuberculosis/Tuberculosis-217.png,Tuberculosis,1,train
/home/user/Tuberculosis_detection/data/raw/Tuberculosis/Tuberculosis-218.png,Tuberculosis,1,test
/home/user/Tuberculosis_detection/data/raw/Tuberculosis/Tuberculosis-219.png,Tuberculosis,1,train
/home/user/Tuberculosis_detection/data/raw/Tuberculosis/Tuberculosis-22.png,Tuberculosis,1,train
/home/user/Tuberculosis_detection/data/raw/Tuberculosis/Tuberculosis-220.png,Tuberculosis,1,train
/home/user/Tuberculosis_detection/data/raw/Tuberculosis/Tuberculosis-221.png,Tuberculosis,1,train
/home/user/Tuberculosis_detection/data/raw/Tuberculosis/Tuberculosis-222.png,Tuberculosis,1,train
/home/user/Tuberculosis_detection/data/raw/Tuberculosis/Tuberculosis-223.png,Tuberculosis,1,train
/home/user/Tuberculosis_detection/data/raw/Tuberculosis/Tuberculosis-224.png,Tuberculosis,1,train
/home/user/Tuberculosis_detection/data/raw/Tuberculosis/Tuberculosis-225.png,Tuberculosis,1,train
/home/user/Tuberculosis_detection/data/raw/Tuberculosis/Tuberculosis-226.png,Tuberculosis,1,train
/home/user/Tuberculosis_detection/data/raw/Tuberculosis/Tuberculosis-227.png,Tuberculosis,1,val
/home/user/Tuberculosis_detection/data/raw/Tuberculosis/Tuberculosis-228.png,Tuberculosis,1,train
/home/user/Tuberculosis_detection/data/raw/Tuberculosis/Tuberculosis-229.png,Tuberculosis,1,val
/home/user/Tuberculosis_detection/data/raw/Tuberculosis/Tuberculosis-23.png,Tuberculosis,1,train
/home/user/Tuberculosis_detection/data/raw/Tuberculosis/Tuberculosis-230.png,Tuberculosis,1,test
/home/user/Tuberculosis_detection/data/raw/Tuberculosis/Tuberculosis-231.png,Tuberculosis,1,train
/home/user/Tuberculosis_detection/data/raw/Tuberculosis/Tuberculosis-232.png,Tuberculosis,1,train
/home/user/Tuberculosis_detection/data/raw/Tuberculosis/Tuberculosis-233.png,Tuberculosis,1,train
/home/user/Tuberculosis_detection/data/raw/Tuberculosis/Tuberculosis-234.png,Tuberculosis,1,test
/home/user/Tuberculosis_detection/data/raw/Tuberculosis/Tuberculosis-235.png,Tuberculosis,1,test
/home/user/Tuberculosis_detection/data/raw/Tuberculosis/Tuberculosis-236.png,Tuberculosis,1,train
/home/user/Tuberculosis_detection/data/raw/Tuberculosis/Tuberculosis-237.png,Tuberculosis,1,train
/home/user/Tuberculosis_detection/data/raw/Tuberculosis/Tuberculosis-238.png,Tuberculosis,1,train
/home/user/Tuberculosis_detection/data/raw/Tuberculosis/Tuberculosis-239.png,Tuberculosis,1,test
/home/user/Tuberculosis_detection/data/raw/Tuberculosis/Tuberculosis-24.png,Tuberculosis,1,test
/home/user/Tuberculosis_detection/data/raw/Tuberculosis/Tuberculosis-240.png,Tuberculosis,1,train
/home/user/Tuberculosis_detection/data/raw/Tuberculosis/Tuberculosis-241.png,Tuberculosis,1,val
/home/user/Tuberculosis_detection/data/raw/Tuberculosis/Tuberculosis-242.png,Tuberculosis,1,train
/home/user/Tuberculosis_detection/data/raw/Tuberculosis/Tuberculosis-243.png,Tuberculosis,1,test
/home/user/Tuberculosis_detection/data/raw/Tuberculosis/Tuberculosis-244.png,Tuberculosis,1,train
/home/user/Tuberculosis_detection/data/raw/Tuberculosis/Tuberculosis-245.png,Tuberculosis,1,test
/home/user/Tuberculosis_detection/data/raw/Tuberculosis/Tuberculosis-246.png,Tuberculosis,1,train
/home/user/Tuberculosis_detection/data/raw/Tuberculosis/Tuberculosis-247.png,Tuberculosis,1,val
/home/user/Tuberculosis_detection/data/raw/Tuberculosis/Tuberculosis-248.png,Tuberculosis,1,val
/home/user/Tuberculosis_detection/data/raw/Tuberculosis/Tuberculosis-249.png,Tuberculosis,1,train
/home/user/Tuberculosis_detection/data/raw/Tuberculosis/Tuberculosis-25.png,Tuberculosis,1,train
/home/user/Tuberculosis_detection/data/raw/Tuberculosis/Tuberculosis-250.png,Tuberculosis,1,train
/home/user/Tuberculosis_detection/data/raw/Tuberculosis/Tuberculosis-251.png,Tuberculosis,1,train
/home/user/Tuberculosis_detection/data/raw/Tuberculosis/Tuberculosis-252.png,Tuberculosis,1,train
/home/user/Tuberculosis_detection/data/raw/Tuberculosis/Tuberculosis-253.png,Tuberculosis,1,train
/home/user/Tuberculosis_detection/data/raw/Tuberculosis/Tuberculosis-254.png,Tuberculosis,1,train
/home/user/Tuberculosis_detection/data/raw/Tuberculosis/Tuberculosis-255.png,Tuberculosis,1,train
/home/user/Tuberculosis_detection/data/raw/Tuberculosis/Tuberculosis-256.png,Tuberculosis,1,val
/home/user/Tuberculosis_detection/data/raw/Tuberculosis/Tuberculosis-257.png,Tuberculosis,1,train
/home/user/Tuberculosis_detection/data/raw/Tuberculosis/Tuberculosis-258.png,Tuberculosis,1,train
/home/user/Tuberculosis_detection/data/raw/Tuberculosis/Tuberculosis-259.png,Tuberculosis,1,test
/home/user/Tuberculosis_detection/data/raw/Tuberculosis/Tuberculosis-26.png,Tuberculosis,1,train
/home/user/Tuberculosis_detection/data/raw/Tuberculosis/Tuberculosis-260.png,Tuberculosis,1,train
/home/user/Tuberculosis_detection/data/raw/Tuberculosis/Tuberculosis-261.png,Tuberculosis,1,train
/home/user/Tuberculosis_detection/data/raw/Tuberculosis/Tuberculosis-262.png,Tuberculosis,1,train
/home/user/Tuberculosis_detection/data/raw/Tuberculosis/Tuberculosis-263.png,Tuberculosis,1,train
/home/user/Tuberculosis_detection/data/raw/Tuberculosis/Tuberculosis-264.png,Tuberculosis,1,val
/home/user/Tuberculosis_detection/data/raw/Tuberculosis/Tuberculosis-265.png,Tuberculosis,1,test
/home/user/Tuberculosis_detection/data/raw/Tuberculosis/Tuberculosis-266.png,Tuberculosis,1,val
/home/user/Tuberculosis_detection/data/raw/Tuberculosis/Tuberculosis-267.png,Tuberculosis,1,train
/home/user/Tuberculosis_detection/data/raw/Tuberculosis/Tuberculosis-268.png,Tuberculosis,1,train
/home/user/Tuberculosis_detection/data/raw/Tuberculosis/Tuberculosis-269.png,Tuberculosis,1,train
/home/user/Tuberculosis_detection/data/raw/Tuberculosis/Tuberculosis-27.png,Tuberculosis,1,train
/home/user/Tuberculosis_detection/data/raw/Tuberculosis/Tuberculosis-270.png,Tuberculosis,1,train
/home/user/Tuberculosis_detection/data/raw/Tuberculosis/Tuberculosis-271.png,Tuberculosis,1,train
/home/user/Tuberculosis_detection/data/raw/Tuberculosis/Tuberculosis-272.png,Tuberculosis,1,test
/home/user/Tuberculosis_detection/data/raw/Tuberculosis/Tuberculosis-273.png,Tuberculosis,1,test
/home/user/Tuberculosis_detection/data/raw/Tuberculosis/Tuberculosis-274.png,Tuberculosis,1,train
/home/user/Tuberculosis_detection/data/raw/Tuberculosis/Tuberculosis-275.png,Tuberculosis,1,train
/home/user/Tuberculosis_detection/data/raw/Tuberculosis/Tuberculosis-276.png,Tuberculosis,1,train
/home/user/Tuberculosis_detection/data/raw/Tuberculosis/Tuberculosis-277.png,Tuberculosis,1,val
/home/user/Tuberculosis_detection/data/raw/Tuberculosis/Tuberculosis-278.png,Tuberculosis,1,train
/home/user/Tuberculosis_detection/data/raw/Tuberculosis/Tuberculosis-279.png,Tuberculosis,1,train
/home/user/Tuberculosis_detection/data/raw/Tuberculosis/Tuberculosis-28.png,Tuberculosis,1,train
/home/user/Tuberculosis_detection/data/raw/Tuberculosis/Tuberculosis-280.png,Tuberculosis,1,train
/home/user/Tuberculosis_detection/data/raw/Tuberculosis/Tuberculosis-281.png,Tuberculosis,1,train
/home/user/Tuberculosis_detection/data/raw/Tuberculosis/Tuberculosis-282.png,Tuberculosis,1,test
/home/user/Tuberculosis_detection/data/raw/Tuberculosis/Tuberculosis-283.png,Tuberculosis,1,train
/home/user/Tuberculosis_detection/data/raw/Tuberculosis/Tuberculosis-284.png,Tuberculosis,1,test
/home/user/Tuberculosis_detection/data/raw/Tuberculosis/Tuberculosis-285.png,Tuberculosis,1,val
/home/user/Tuberculosis_detection/data/raw/Tuberculosis/Tuberculosis-286.png,Tuberculosis,1,test
/home/user/Tuberculosis_detection/data/raw/Tuberculosis/Tuberculosis-287.png,Tuberculosis,1,train
/home/user/Tuberculosis_detection/data/raw/Tuberculosis/Tuberculosis-288.png,Tuberculosis,1,train
/home/user/Tuberculosis_detection/data/raw/Tuberculosis/Tuberculosis-289.png,Tuberculosis,1,train
/home/user/Tuberculosis_detection/data/raw/Tuberculosis/Tuberculosis-29.png,Tuberculosis,1,train
/home/user/Tuberculosis_detection/data/raw/Tuberculosis/Tuberculosis-290.png,Tuberculosis,1,train
/home/user/Tuberculosis_detection/data/raw/Tuberculosis/Tuberculosis-291.png,Tuberculosis,1,train
/home/user/Tuberculosis_detection/data/raw/Tuberculosis/Tuberculosis-292.png,Tuberculosis,1,train
/home/user/Tuberculosis_detection/data/raw/Tuberculosis/Tuberculosis-293.png,Tuberculosis,1,test
/home/user/Tuberculosis_detection/data/raw/Tuberculosis/Tuberculosis-294.png,Tuberculosis,1,test
/home/user/Tuberculosis_detection/data/raw/Tuberculosis/Tuberculosis-295.png,Tuberculosis,1,val
/home/user/Tuberculosis_detection/data/raw/Tuberculosis/Tuberculosis-296.png,Tuberculosis,1,train
/home/user/Tuberculosis_detection/data/raw/Tuberculosis/Tuberculosis-297.png,Tuberculosis,1,train
/home/user/Tuberculosis_detection/data/raw/Tuberculosis/Tuberculosis-298.png,Tuberculosis,1,train
/home/user/Tuberculosis_detection/data/raw/Tuberculosis/Tuberculosis-299.png,Tuberculosis,1,train
/home/user/Tuberculosis_detection/data/raw/Tuberculosis/Tuberculosis-3.png,Tuberculosis,1,val
/home/user/Tuberculosis_detection/data/raw/Tuberculosis/Tuberculosis-30.png,Tuberculosis,1,train
/home/user/Tuberculosis_detection/data/raw/Tuberculosis/Tuberculosis-300.png,Tuberculosis,1,val
/home/user/Tuberculosis_detection/data/raw/Tuberculosis/Tuberculosis-301.png,Tuberculosis,1,train
/home/user/Tuberculosis_detection/data/raw/Tuberculosis/Tuberculosis-302.png,Tuberculosis,1,train
/home/user/Tuberculosis_detection/data/raw/Tuberculosis/Tuberculosis-303.png,Tuberculosis,1,train
/home/user/Tuberculosis_detection/data/raw/Tuberculosis/Tuberculosis-304.png,Tuberculosis,1,val
/home/user/Tuberculosis_detection/data/raw/Tuberculosis/Tuberculosis-305.png,Tuberculosis,1,train
/home/user/Tuberculosis_detection/data/raw/Tuberculosis/Tuberculosis-306.png,Tuberculosis,1,test
/home/user/Tuberculosis_detection/data/raw/Tuberculosis/Tuberculosis-307.png,Tuberculosis,1,train
/home/user/Tuberculosis_detection/data/raw/Tuberculosis/Tuberculosis-308.png,Tuberculosis,1,train
/home/user/Tuberculosis_detection/data/raw/Tuberculosis/Tuberculosis-309.png,Tuberculosis,1,train
/home/user/Tuberculosis_detection/data/raw/Tuberculosis/Tuberculosis-31.png,Tuberculosis,1,train
/home/user/Tuberculosis_detection/data/raw/Tuberculosis/Tuberculosis-310.png,Tuberculosis,1,train
/home/user/Tuberculosis_detection/data/raw/Tuberculosis/Tuberculosis-311.png,Tuberculosis,1,val
/home/user/Tuberculosis_detection/data/raw/Tuberculosis/Tuberculosis-312.png,Tuberculosis,1,train
/home/user/Tuberculosis_detection/data/raw/Tuberculosis/Tuberculosis-313.png,Tuberculosis,1,train
/home/user/Tuberculosis_detection/data/raw/Tuberculosis/Tuberculosis-314.png,Tuberculosis,1,train
/home/user/Tuberculosis_detection/data/raw/Tuberculosis/Tuberculosis-315.png,Tuberculosis,1,train
/home/user/Tuberculosis_detection/data/raw/Tuberculosis/Tuberculosis-316.png,Tuberculosis,1,val
/home/user/Tuberculosis_detection/data/raw/Tuberculosis/Tuberculosis-317.png,Tuberculosis,1,test
/home/user/Tuberculosis_detection/data/raw/Tuberculosis/Tuberculosis-318.png,Tuberculosis,1,train
/home/user/Tuberculosis_detection/data/raw/Tuberculosis/Tuberculosis-319.png,Tuberculosis,1,train
/home/user/Tuberculosis_detection/data/raw/Tuberculosis/Tuberculosis-32.png,Tuberculosis,1,test
/home/user/Tuberculosis_detection/data/raw/Tuberculosis/Tuberculosis-320.png,Tuberculosis,1,train
/home/user/Tuberculosis_detection/data/raw/Tuberculosis/Tuberculosis-321.png,Tuberculosis,1,train
/home/user/Tuberculosis_detection/data/raw/Tuberculosis/Tuberculosis-322.png,Tuberculosis,1,train
/home/user/Tuberculosis_detection/data/raw/Tuberculosis/Tuberculosis-323.png,Tuberculosis,1,val
/home/user/Tuberculosis_detection/data/raw/Tuberculosis/Tuberculosis-324.png,Tuberculosis,1,test
/home/user/Tuberculosis_detection/data/raw/Tuberculosis/Tuberculosis-325.png,Tuberculosis,1,train
/home/user/Tuberculosis_detection/data/raw/Tuberculosis/Tuberculosis-326.png,Tuberculosis,1,train
/home/user/Tuberculosis_detection/data/raw/Tuberculosis/Tuberculosis-327.png,Tuberculosis,1,train
/home/user/Tuberculosis_detection/data/raw/Tuberculosis/Tuberculosis-328.png,Tuberculosis,1,train
/home/user/Tuberculosis_detection/data/raw/Tuberculosis/Tuberculosis-329.png,Tuberculosis,1,train
/home/user/Tuberculosis_detection/data/raw/Tuberculosis/Tuberculosis-33.png,Tuberculosis,1,test
/home/user/Tuberculosis_detection/data/raw/Tuberculosis/Tuberculosis-330.png,Tuberculosis,1,train
/home/user/Tuberculosis_detection/data/raw/Tuberculosis/Tuberculosis-331.png,Tuberculosis,1,train
/home/user/Tuberculosis_detection/data/raw/Tuberculosis/Tuberculosis-332.png,Tuberculosis,1,train
/home/user/Tuberculosis_detection/data/raw/Tuberculosis/Tuberculosis-333.png,Tuberculosis,1,val
/home/user/Tuberculosis_detection/data/raw/Tuberculosis/Tuberculosis-334.png,Tuberculosis,1,train
/home/user/Tuberculosis_detection/data/raw/Tuberculosis/Tuberculosis-335.png,Tuberculosis,1,train
/home/user/Tuberculosis_detection/data/raw/Tuberculosis/Tuberculosis-336.png,Tuberculosis,1,test
/home/user/Tuberculosis_detection/data/raw/Tuberculosis/Tuberculosis-337.png,Tuberculosis,1,train
/home/user/Tuberculosis_detection/data/raw/Tuberculosis/Tuberculosis-338.png,Tuberculosis,1,train
/home/user/Tuberculosis_detection/data/raw/Tuberculosis/Tuberculosis-339.png,Tuberculosis,1,train
/home/user/Tuberculosis_detection/data/raw/Tuberculosis/Tuberculosis-34.png,Tuberculosis,1,test
/home/user/Tuberculosis_detection/data/raw/Tuberculosis/Tuberculosis-340.png,Tuberculosis,1,train
/home/user/Tuberculosis_detection/data/raw/Tuberculosis/Tuberculosis-341.png,Tuberculosis,1,test
/home/user/Tuberculosis_detection/data/raw/Tuberculosis/Tuberculosis-342.png,Tuberculosis,1,train
/home/user/Tuberculosis_detection/data/raw/Tuberculosis/Tuberculosis-343.png,Tuberculosis,1,train
/home/user/Tuberculosis_detection/data/raw/Tuberculosis/Tuberculosis-344.png,Tuberculosis,1,train
/home/user/Tuberculosis_detection/data/raw/Tuberculosis/Tuberculosis-345.png,Tuberculosis,1,train
/home/user/Tuberculosis_detection/data/raw/Tuberculosis/Tuberculosis-346.png,Tuberculosis,1,train
/home/user/Tuberculosis_detection/data/raw/Tuberculosis/Tuberculosis-347.png,Tuberculosis,1,val
/home/user/Tuberculosis_detection/data/raw/Tuberculosis/Tuberculosis-348.png,Tuberculosis,1,train
/home/user/Tuberculosis_detection/data/raw/Tuberculosis/Tuberculosis-349.png,Tuberculosis,1,train
/home/user/Tuberculosis_detection/data/raw/Tuberculosis/Tuberculosis-35.png,Tuberculosis,1,train
/home/user/Tuberculosis_detection/data/raw/Tuberculosis/Tuberculosis-350.png,Tuberculosis,1,train
/home/user/Tuberculosis_detection/data/raw/Tuberculosis/Tuberculosis-351.png,Tuberculosis,1,train
/home/user/Tuberculosis_detection/data/raw/Tuberculosis/Tuberculosis-352.png,Tuberculosis,1,test
/home/user/Tuberculosis_detection/data/raw/Tuberculosis/Tuberculosis-353.png,Tuberculosis,1,train
/home/user/Tuberculosis_detection/data/raw/Tuberculosis/Tuberculosis-354.png,Tuberculosis,1,val
/home/user/Tuberculosis_detection/data/raw/Tuberculosis/Tuberculosis-355.png,Tuberculosis,1,train
/home/user/Tuberculosis_detection/data/raw/Tuberculosis/Tuberculosis-356.png,Tuberculosis,1,train
/home/user/Tuberculosis_detection/data/raw/Tuberculosis/Tuberculosis-357.png,Tuberculosis,1,val
/home/user/Tuberculosis_detection/data/raw/Tuberculosis/Tuberculosis-358.png,Tuberculosis,1,val
/home/user/Tuberculosis_detection/data/raw/Tuberculosis/Tuberculosis-359.png,Tuberculosis,1,train
/home/user/Tuberculosis_detection/data/raw/Tuberculosis/Tuberculosis-36.png,Tuberculosis,1,test
/home/user/Tuberculosis_detection/data/raw/Tuberculosis/Tuberculosis-360.png,Tuberculosis,1,train
/home/user/Tuberculosis_detection/data/raw/Tuberculosis/Tuberculosis-361.png,Tuberculosis,1,train
/home/user/Tuberculosis_detection/data/raw/Tuberculosis/Tuberculosis-362.png,Tuberculosis,1,test
/home/user/Tuberculosis_detection/data/raw/Tuberculosis/Tuberculosis-363.png,Tuberculosis,1,test
/home/user/Tuberculosis_detection/data/raw/Tuberculosis/Tuberculosis-364.png,Tuberculosis,1,val
/home/user/Tuberculosis_detection/data/raw/Tuberculosis/Tuberculosis-365.png,Tuberculosis,1,train
/home/user/Tuberculosis_detection/data/raw/Tuberculosis/Tuberculosis-366.png,Tuberculosis,1,train
/home/user/Tuberculosis_detection/data/raw/Tuberculosis/Tuberculosis-367.png,Tuberculosis,1,test
/home/user/Tuberculosis_detection/data/raw/Tuberculosis/Tuberculosis-368.png,Tuberculosis,1,train
/home/user/Tuberculosis_detection/data/raw/Tuberculosis/Tuberculosis-369.png,Tuberculosis,1,train
/home/user/Tuberculosis_detection/data/raw/Tuberculosis/Tuberculosis-37.png,Tuberculosis,1,test
/home/user/Tuberculosis_detection/data/raw/Tuberculosis/Tuberculosis-370.png,Tuberculosis,1,train
/home/user/Tuberculosis_detection/data/raw/Tuberculosis/Tuberculosis-371.png,Tuberculosis,1,val
/home/user/Tuberculosis_detection/data/raw/Tuberculosis/Tuberculosis-372.png,Tuberculosis,1,train
/home/user/Tuberculosis_detection/data/raw/Tuberculosis/Tuberculosis-373.png,Tuberculosis,1,val
/home/user/Tuberculosis_detection/data/raw/Tuberculosis/Tuberculosis-374.png,Tuberculosis,1,test
/home/user/Tuberculosis_detection/data/raw/Tuberculosis/Tuberculosis-375.png,Tuberculosis,1,test
/home/user/Tuberculosis_detection/data/raw/Tuberculosis/Tuberculosis-376.png,Tuberculosis,1,val
/home/user/Tuberculosis_detection/data/raw/Tuberculosis/Tuberculosis-377.png,Tuberculosis,1,val
/home/user/Tuberculosis_detection/data/raw/Tuberculosis/Tuberculosis-378.png,Tuberculosis,1,val
/home/user/Tuberculosis_detection/data/raw/Tuberculosis/Tuberculosis-379.png,Tuberculosis,1,test
/home/user/Tuberculosis_detection/data/raw/Tuberculosis/Tuberculosis-38.png,Tuberculosis,1,val
/home/user/Tuberculosis_detection/data/raw/Tuberculosis/Tuberculosis-380.png,Tuberculosis,1,test
/home/user/Tuberculosis_detection/data/raw/Tuberculosis/Tuberculosis-381.png,Tuberculosis,1,val
/home/user/Tuberculosis_detection/data/raw/Tuberculosis/Tuberculosis-382.png,Tuberculosis,1,train
/home/user/Tuberculosis_detection/data/raw/Tuberculosis/Tuberculosis-383.png,Tuberculosis,1,train
/home/user/Tuberculosis_detection/data/raw/Tuberculosis/Tuberculosis-384.png,Tuberculosis,1,val
/home/user/Tuberculosis_detection/data/raw/Tuberculosis/Tuberculosis-385.png,Tuberculosis,1,val
/home/user/Tuberculosis_detection/data/raw/Tuberculosis/Tuberculosis-386.png,Tuberculosis,1,train
/home/user/Tuberculosis_detection/data/raw/Tuberculosis/Tuberculosis-387.png,Tuberculosis,1,train
/home/user/Tuberculosis_detection/data/raw/Tuberculosis/Tuberculosis-388.png,Tuberculosis,1,train
/home/user/Tuberculosis_detection/data/raw/Tuberculosis/Tuberculosis-389.png,Tuberculosis,1,train
/home/user/Tuberculosis_detection/data/raw/Tuberculosis/Tuberculosis-39.png,Tuberculosis,1,train
/home/user/Tuberculosis_detection/data/raw/Tuberculosis/Tuberculosis-390.png,Tuberculosis,1,train
/home/user/Tuberculosis_detection/data/raw/Tuberculosis/Tuberculosis-391.png,Tuberculosis,1,train
/home/user/Tuberculosis_detection/data/raw/Tuberculosis/Tuberculosis-392.png,Tuberculosis,1,train
/home/user/Tuberculosis_detection/data/raw/Tuberculosis/Tuberculosis-393.png,Tuberculosis,1,train
/home/user/Tuberculosis_detection/data/raw/Tuberculosis/Tuberculosis-394.png,Tuberculosis,1,train
/home/user/Tuberculosis_detection/data/raw/Tuberculosis/Tuberculosis-395.png,Tuberculosis,1,train
/home/user/Tuberculosis_detection/data/raw/Tuberculosis/Tuberculosis-396.png,Tuberculosis,1,train
/home/user/Tuberculosis_detection/data/raw/Tuberculosis/Tuberculosis-397.png,Tuberculosis,1,train
/home/user/Tuberculosis_detection/data/raw/Tuberculosis/Tuberculosis-398.png,Tuberculosis,1,val
/home/user/Tuberculosis_detection/data/raw/Tuberculosis/Tuberculosis-399.png,Tuberculosis,1,train
/home/user/Tuberculosis_detection/data/raw/Tuberculosis/Tuberculosis-4.png,Tuberculosis,1,val
/home/user/Tuberculosis_detection/data/raw/Tuberculosis/Tuberculosis-40.png,Tuberculosis,1,test
/home/user/Tuberculosis_detection/data/raw/Tuberculosis/Tuberculosis-400.png,Tuberculosis,1,val
/home/user/Tuberculosis_detection/data/raw/Tuberculosis/Tuberculosis-401.png,Tuberculosis,1,train
/home/user/Tuberculosis_detection/data/raw/Tuberculosis/Tuberculosis-402.png,Tuberculosis,1,train
/home/user/Tuberculosis_detection/data/raw/Tuberculosis/Tuberculosis-403.png,Tuberculosis,1,train
/home/user/Tuberculosis_detection/data/raw/Tuberculosis/Tuberculosis-404.png,Tuberculosis,1,train
/home/user/Tuberculosis_detection/data/raw/Tuberculosis/Tuberculosis-405.png,Tuberculosis,1,test
/home/user/Tuberculosis_detection/data/raw/Tuberculosis/Tuberculosis-406.png,Tuberculosis,1,train
/home/user/Tuberculosis_detection/data/raw/Tuberculosis/Tuberculosis-407.png,Tuberculosis,1,train
/home/user/Tuberculosis_detection/data/raw/Tuberculosis/Tuberculosis-408.png,Tuberculosis,1,train
/home/user/Tuberculosis_detection/data/raw/Tuberculosis/Tuberculosis-409.png,Tuberculosis,1,train
/home/user/Tuberculosis_detection/data/raw/Tuberculosis/Tuberculosis-41.png,Tuberculosis,1,train
/home/user/Tuberculosis_detection/data/raw/Tuberculosis/Tuberculosis-410.png,Tuberculosis,1,train
/home/user/Tuberculosis_detection/data/raw/Tuberculosis/Tuberculosis-411.png,Tuberculosis,1,train
/home/user/Tuberculosis_detection/data/raw/Tuberculosis/Tuberculosis-412.png,Tuberculosis,1,train
/home/user/Tuberculosis_detection/data/raw/Tuberculosis/Tuberculosis-413.png,Tuberculosis,1,train
/home/user/Tuberculosis_detection/data/raw/Tuberculosis/Tuberculosis-414.png,Tuberculosis,1,train
/home/user/Tuberculosis_detection/data/raw/Tuberculosis/Tuberculosis-415.png,Tuberculosis,1,test
/home/user/Tuberculosis_detection/data/raw/Tuberculosis/Tuberculosis-416.png,Tuberculosis,1,test
/home/user/Tuberculosis_detection/data/raw/Tuberculosis/Tuberculosis-417.png,Tuberculosis,1,train
/home/user/Tuberculosis_detection/data/raw/Tuberculosis/Tuberculosis-418.png,Tuberculosis,1,train
/home/user/Tuberculosis_detection/data/raw/Tuberculosis/Tuberculosis-419.png,Tuberculosis,1,test
/home/user/Tuberculosis_detection/data/raw/Tuberculosis/Tuberculosis-42.png,Tuberculosis,1,train
/home/user/Tuberculosis_detection/data/raw/Tuberculosis/Tuberculosis-420.png,Tuberculosis,1,val
/home/user/Tuberculosis_detection/data/raw/Tuberculosis/Tuberculosis-421.png,Tuberculosis,1,test
/home/user/Tuberculosis_detection/data/raw/Tuberculosis/Tuberculosis-422.png,Tuberculosis,1,train
/home/user/Tuberculosis_detection/data/raw/Tuberculosis/Tuberculosis-423.png,Tuberculosis,1,test
/home/user/Tuberculosis_detection/data/raw/Tuberculosis/Tuberculosis-424.png,Tuberculosis,1,train
/home/user/Tuberculosis_detection/data/raw/Tuberculosis/Tuberculosis-425.png,Tuberculosis,1,train
/home/user/Tuberculosis_detection/data/raw/Tuberculosis/Tuberculosis-426.png,Tuberculosis,1,val
/home/user/Tuberculosis_detection/data/raw/Tuberculosis/Tuberculosis-427.png,Tuberculosis,1,train
/home/user/Tuberculosis_detection/data/raw/Tuberculosis/Tuberculosis-428.png,Tuberculosis,1,train
/home/user/Tuberculosis_detection/data/raw/Tuberculosis/Tuberculosis-429.png,Tuberculosis,1,test
/home/user/Tuberculosis_detection/data/raw/Tuberculosis/Tuberculosis-43.png,Tuberculosis,1,train
/home/user/Tuberculosis_detection/data/raw/Tuberculosis/Tuberculosis-430.png,Tuberculosis,1,train
/home/user/Tuberculosis_detection/data/raw/Tuberculosis/Tuberculosis-431.png,Tuberculosis,1,test
/home/user/Tuberculosis_detection/data/raw/Tuberculosis/Tuberculosis-432.png,Tuberculosis,1,val
/home/user/Tuberculosis_detection/data/raw/Tuberculosis/Tuberculosis-433.png,Tuberculosis,1,train
/home/user/Tuberculosis_detection/data/raw/Tuberculosis/Tuberculosis-434.png,Tuberculosis,1,train
/home/user/Tuberculosis_detection/data/raw/Tuberculosis/Tuberculosis-435.png,Tuberculosis,1,train
/home/user/Tuberculosis_detection/data/raw/Tuberculosis/Tuberculosis-436.png,Tuberculosis,1,test
/home/user/Tuberculosis_detection/data/raw/Tuberculosis/Tuberculosis-437.png,Tuberculosis,1,train
/home/user/Tuberculosis_detection/data/raw/Tuberculosis/Tuberculosis-438.png,Tuberculosis,1,train
/home/user/Tuberculosis_detection/data/raw/Tuberculosis/Tuberculosis-439.png,Tuberculosis,1,train
/home/user/Tuberculosis_detection/data/raw/Tuberculosis/Tuberculosis-44.png,Tuberculosis,1,train
/home/user/Tuberculosis_detection/data/raw/Tuberculosis/Tuberculosis-440.png,Tuberculosis,1,train
/home/user/Tuberculosis_detection/data/raw/Tuberculosis/Tuberculosis-441.png,Tuberculosis,1,test
/home/user/Tuberculosis_detection/data/raw/Tuberculosis/Tuberculosis-442.png,Tuberculosis,1,val
/home/user/Tuberculosis_detection/data/raw/Tuberculosis/Tuberculosis-443.png,Tuberculosis,1,test
/home/user/Tuberculosis_detection/data/raw/Tuberculosis/Tuberculosis-444.png,Tuberculosis,1,test
/home/user/Tuberculosis_detection/data/raw/Tuberculosis/Tuberculosis-445.png,Tuberculosis,1,train
/home/user/Tuberculosis_detection/data/raw/Tuberculosis/Tuberculosis-446.png,Tuberculosis,1,train
/home/user/Tuberculosis_detection/data/raw/Tuberculosis/Tuberculosis-447.png,Tuberculosis,1,train
/home/user/Tuberculosis_detection/data/raw/Tuberculosis/Tuberculosis-448.png,Tuberculosis,1,train
/home/user/Tuberculosis_detection/data/raw/Tuberculosis/Tuberculosis-449.png,Tuberculosis,1,train
/home/user/Tuberculosis_detection/data/raw/Tuberculosis/Tuberculosis-45.png,Tuberculosis,1,val
/home/user/Tuberculosis_detection/data/raw/Tuberculosis/Tuberculosis-450.png,Tuberculosis,1,train
/home/user/Tuberculosis_detection/data/raw/Tuberculosis/Tuberculosis-451.png,Tuberculosis,1,train
/home/user/Tuberculosis_detection/data/raw/Tuberculosis/Tuberculosis-452.png,Tuberculosis,1,train
/home/user/Tuberculosis_detection/data/raw/Tuberculosis/Tuberculosis-453.png,Tuberculosis,1,train
/home/user/Tuberculosis_detection/data/raw/Tuberculosis/Tuberculosis-454.png,Tuberculosis,1,val
/home/user/Tuberculosis_detection/data/raw/Tuberculosis/Tuberculosis-455.png,Tuberculosis,1,train
/home/user/Tuberculosis_detection/data/raw/Tuberculosis/Tuberculosis-456.png,Tuberculosis,1,train
/home/user/Tuberculosis_detection/data/raw/Tuberculosis/Tuberculosis-457.png,Tuberculosis,1,train
/home/user/Tuberculosis_detection/data/raw/Tuberculosis/Tuberculosis-458.png,Tuberculosis,1,train
/home/user/Tuberculosis_detection/data/raw/Tuberculosis/Tuberculosis-459.png,Tuberculosis,1,train
/home/user/Tuberculosis_detection/data/raw/Tuberculosis/Tuberculosis-46.png,Tuberculosis,1,train
/home/user/Tuberculosis_detection/data/raw/Tuberculosis/Tuberculosis-460.png,Tuberculosis,1,train
/home/user/Tuberculosis_detection/data/raw/Tuberculosis/Tuberculosis-461.png,Tuberculosis,1,train
/home/user/Tuberculosis_detection/data/raw/Tuberculosis/Tuberculosis-462.png,Tuberculosis,1,test
/home/user/Tuberculosis_detection/data/raw/Tuberculosis/Tuberculosis-463.png,Tuberculosis,1,train
/home/user/Tuberculosis_detection/data/raw/Tuberculosis/Tuberculosis-464.png,Tuberculosis,1,train
/home/user/Tuberculosis_detection/data/raw/Tuberculosis/Tuberculosis-465.png,Tuberculosis,1,train
/home/user/Tuberculosis_detection/data/raw/Tuberculosis/Tuberculosis-466.png,Tuberculosis,1,train
/home/user/Tuberculosis_detection/data/raw/Tuberculosis/Tuberculosis-467.png,Tuberculosis,1,train
/home/user/Tuberculosis_detection/data/raw/Tuberculosis/Tuberculosis-468.png,Tuberculosis,1,val
/home/user/Tuberculosis_detection/data/raw/Tuberculosis/Tuberculosis-469.png,Tuberculosis,1,train
/home/user/Tuberculosis_detection/data/raw/Tuberculosis/Tuberculosis-47.png,Tuberculosis,1,train
/home/user/Tuberculosis_detection/data/raw/Tuberculosis/Tuberculosis-470.png,Tuberculosis,1,train
/home/user/Tuberculosis_detection/data/raw/Tuberculosis/Tuberculosis-471.png,Tuberculosis,1,val
/home/user/Tuberculosis_detection/data/raw/Tuberculosis/Tuberculosis-472.png,Tuberculosis,1,train
/home/user/Tuberculosis_detection/data/raw/Tuberculosis/Tuberculosis-473.png,Tuberculosis,1,test
/home/user/Tuberculosis_detection/data/raw/Tuberculosis/Tuberculosis-474.png,Tuberculosis,1,train
/home/user/Tuberculosis_detection/data/raw/Tuberculosis/Tuberculosis-475.png,Tuberculosis,1,test
/home/user/Tuberculosis_detection/data/raw/Tuberculosis/Tuberculosis-476.png,Tuberculosis,1,train
/home/user/Tuberculosis_detection/data/raw/Tuberculosis/Tuberculosis-477.png,Tuberculosis,1,val
/home/user/Tuberculosis_detection/data/raw/Tuberculosis/Tuberculosis-478.png,Tuberculosis,1,train
/home/user/Tuberculosis_detection/data/raw/Tuberculosis/Tuberculosis-479.png,Tuberculosis,1,train
/home/user/Tuberculosis_detection/data/raw/Tuberculosis/Tuberculosis-48.png,Tuberculosis,1,train
/home/user/Tuberculosis_detection/data/raw/Tuberculosis/Tuberculosis-480.png,Tuberculosis,1,val
/home/user/Tuberculosis_detection/data/raw/Tuberculosis/Tuberculosis-481.png,Tuberculosis,1,train
/home/user/Tuberculosis_detection/data/raw/Tuberculosis/Tuberculosis-482.png,Tuberculosis,1,train
/home/user/Tuberculosis_detection/data/raw/Tuberculosis/Tuberculosis-483.png,Tuberculosis,1,test
/home/user/Tuberculosis_detection/data/raw/Tuberculosis/Tuberculosis-484.png,Tuberculosis,1,test
/home/user/Tuberculosis_detection/data/raw/Tuberculosis/Tuberculosis-485.png,Tuberculosis,1,train
/home/user/Tuberculosis_detection/data/raw/Tuberculosis/Tuberculosis-486.png,Tuberculosis,1,train
/home/user/Tuberculosis_detection/data/raw/Tuberculosis/Tuberculosis-487.png,Tuberculosis,1,train
/home/user/Tuberculosis_detection/data/raw/Tuberculosis/Tuberculosis-488.png,Tuberculosis,1,train
/home/user/Tuberculosis_detection/data/raw/Tuberculosis/Tuberculosis-489.png,Tuberculosis,1,train
/home/user/Tuberculosis_detection/data/raw/Tuberculosis/Tuberculosis-49.png,Tuberculosis,1,train
/home/user/Tuberculosis_detection/data/raw/Tuberculosis/Tuberculosis-490.png,Tuberculosis,1,train
/home/user/Tuberculosis_detection/data/raw/Tuberculosis/Tuberculosis-491.png,Tuberculosis,1,train
/home/user/Tuberculosis_detection/data/raw/Tuberculosis/Tuberculosis-492.png,Tuberculosis,1,train
/home/user/Tuberculosis_detection/data/raw/Tuberculosis/Tuberculosis-493.png,Tuberculosis,1,train
/home/user/Tuberculosis_detection/data/raw/Tuberculosis/Tuberculosis-494.png,Tuberculosis,1,train
/home/user/Tuberculosis_detection/data/raw/Tuberculosis/Tuberculosis-495.png,Tuberculosis,1,train
/home/user/Tuberculosis_detection/data/raw/Tuberculosis/Tuberculosis-496.png,Tuberculosis,1,train
/home/user/Tuberculosis_detection/data/raw/Tuberculosis/Tuberculosis-497.png,Tuberculosis,1,train
/home/user/Tuberculosis_detection/data/raw/Tuberculosis/Tuberculosis-498.png,Tuberculosis,1,train
/home/user/Tuberculosis_detection/data/raw/Tuberculosis/Tuberculosis-499.png,Tuberculosis,1,train
/home/user/Tuberculosis_detection/data/raw/Tuberculosis/Tuberculosis-5.png,Tuberculosis,1,test
/home/user/Tuberculosis_detection/data/raw/Tuberculosis/Tuberculosis-50.png,Tuberculosis,1,train
/home/user/Tuberculosis_detection/data/raw/Tuberculosis/Tuberculosis-500.png,Tuberculosis,1,train
/home/user/Tuberculosis_detection/data/raw/Tuberculosis/Tuberculosis-501.png,Tuberculosis,1,train
/home/user/Tuberculosis_detection/data/raw/Tuberculosis/Tuberculosis-502.png,Tuberculosis,1,test
/home/user/Tuberculosis_detection/data/raw/Tuberculosis/Tuberculosis-503.png,Tuberculosis,1,train
/home/user/Tuberculosis_detection/data/raw/Tuberculosis/Tuberculosis-504.png,Tuberculosis,1,train
/home/user/Tuberculosis_detection/data/raw/Tuberculosis/Tuberculosis-505.png,Tuberculosis,1,train
/home/user/Tuberculosis_detection/data/raw/Tuberculosis/Tuberculosis-506.png,Tuberculosis,1,train
/home/user/Tuberculosis_detection/data/raw/Tuberculosis/Tuberculosis-507.png,Tuberculosis,1,train
/home/user/Tuberculosis_detection/data/raw/Tuberculosis/Tuberculosis-508.png,Tuberculosis,1,train
/home/user/Tuberculosis_detection/data/raw/Tuberculosis/Tuberculosis-509.png,Tuberculosis,1,train
/home/user/Tuberculosis_detection/data/raw/Tuberculosis/Tuberculosis-51.png,Tuberculosis,1,train
/home/user/Tuberculosis_detection/data/raw/Tuberculosis/Tuberculosis-510.png,Tuberculosis,1,test
/home/user/Tuberculosis_detection/data/raw/Tuberculosis/Tuberculosis-511.png,Tuberculosis,1,test
/home/user/Tuberculosis_detection/data/raw/Tuberculosis/Tuberculosis-512.png,Tuberculosis,1,val
/home/user/Tuberculosis_detection/data/raw/Tuberculosis/Tuberculosis-513.png,Tuberculosis,1,train
/home/user/Tuberculosis_detection/data/raw/Tuberculosis/Tuberculosis-514.png,Tuberculosis,1,train
/home/user/Tuberculosis_detection/data/raw/Tuberculosis/Tuberculosis-515.png,Tuberculosis,1,val
/home/user/Tuberculosis_detection/data/raw/Tuberculosis/Tuberculosis-516.png,Tuberculosis,1,train
/home/user/Tuberculosis_detection/data/raw/Tuberculosis/Tuberculosis-517.png,Tuberculosis,1,train
/home/user/Tuberculosis_detection/data/raw/Tuberculosis/Tuberculosis-518.png,Tuberculosis,1,train
/home/user/Tuberculosis_detection/data/raw/Tuberculosis/Tuberculosis-519.png,Tuberculosis,1,train
/home/user/Tuberculosis_detection/data/raw/Tuberculosis/Tuberculosis-52.png,Tuberculosis,1,train
/home/user/Tuberculosis_detection/data/raw/Tuberculosis/Tuberculosis-520.png,Tuberculosis,1,train
/home/user/Tuberculosis_detection/data/raw/Tuberculosis/Tuberculosis-521.png,Tuberculosis,1,train
/home/user/Tuberculosis_detection/data/raw/Tuberculosis/Tuberculosis-522.png,Tuberculosis,1,train
/home/user/Tuberculosis_detection/data/raw/Tuberculosis/Tuberculosis-523.png,Tuberculosis,1,train
/home/user/Tuberculosis_detection/data/raw/Tuberculosis/Tuberculosis-524.png,Tuberculosis,1,train
/home/user/Tuberculosis_detection/data/raw/Tuberculosis/Tuberculosis-525.png,Tuberculosis,1,train
/home/user/Tuberculosis_detection/data/raw/Tuberculosis/Tuberculosis-526.png,Tuberculosis,1,train
/home/user/Tuberculosis_detection/data/raw/Tuberculosis/Tuberculosis-527.png,Tuberculosis,1,train
/home/user/Tuberculosis_detection/data/raw/Tuberculosis/Tuberculosis-528.png,Tuberculosis,1,train
/home/user/Tuberculosis_detection/data/raw/Tuberculosis/Tuberculosis-529.png,Tuberculosis,1,val
/home/user/Tuberculosis_detection/data/raw/Tuberculosis/Tuberculosis-53.png,Tuberculosis,1,train
/home/user/Tuberculosis_detection/data/raw/Tuberculosis/Tuberculosis-530.png,Tuberculosis,1,train
/home/user/Tuberculosis_detection/data/raw/Tuberculosis/Tuberculosis-531.png,Tuberculosis,1,train
/home/user/Tuberculosis_detection/data/raw/Tuberculosis/Tuberculosis-532.png,Tuberculosis,1,train
/home/user/Tuberculosis_detection/data/raw/Tuberculosis/Tuberculosis-533.png,Tuberculosis,1,train
/home/user/Tuberculosis_detection/data/raw/Tuberculosis/Tuberculosis-534.png,Tuberculosis,1,train
/home/user/Tuberculosis_detection/data/raw/Tuberculosis/Tuberculosis-535.png,Tuberculosis,1,test
/home/user/Tuberculosis_detection/data/raw/Tuberculosis/Tuberculosis-536.png,Tuberculosis,1,train
/home/user/Tuberculosis_detection/data/raw/Tuberculosis/Tuberculosis-537.png,Tuberculosis,1,train
/home/user/Tuberculosis_detection/data/raw/Tuberculosis/Tuberculosis-538.png,Tuberculosis,1,train
/home/user/Tuberculosis_detection/data/raw/Tuberculosis/Tuberculosis-539.png,Tuberculosis,1,train
/home/user/Tuberculosis_detection/data/raw/Tuberculosis/Tuberculosis-54.png,Tuberculosis,1,val
/home/user/Tuberculosis_detection/data/raw/Tuberculosis/Tuberculosis-540.png,Tuberculosis,1,train
/home/user/Tuberculosis_detection/data/raw/Tuberculosis/Tuberculosis-541.png,Tuberculosis,1,train
/home/user/Tuberculosis_detection/data/raw/Tuberculosis/Tuberculosis-542.png,Tuberculosis,1,train
/home/user/Tuberculosis_detection/data/raw/Tuberculosis/Tuberculosis-543.png,Tuberculosis,1,train
/home/user/Tuberculosis_detection/data/raw/Tuberculosis/Tuberculosis-544.png,Tuberculosis,1,val
/home/user/Tuberculosis_detection/data/raw/Tuberculosis/Tuberculosis-545.png,Tuberculosis,1,train
/home/user/Tuberculosis_detection/data/raw/Tuberculosis/Tuberculosis-546.png,Tuberculosis,1,val
/home/user/Tuberculosis_detection/data/raw/Tuberculosis/Tuberculosis-547.png,Tuberculosis,1,test
/home/user/Tuberculosis_detection/data/raw/Tuberculosis/Tuberculosis-548.png,Tuberculosis,1,train
/home/user/Tuberculosis_detection/data/raw/Tuberculosis/Tuberculosis-549.png,Tuberculosis,1,train
/home/user/Tuberculosis_detection/data/raw/Tuberculosis/Tuberculosis-55.png,Tuberculosis,1,train
/home/user/Tuberculosis_detection/data/raw/Tuberculosis/Tuberculosis-550.png,Tuberculosis,1,val
/home/user/Tuberculosis_detection/data/raw/Tuberculosis/Tuberculosis-551.png,Tuberculosis,1,val
/home/user/Tuberculosis_detection/data/raw/Tuberculosis/Tuberculosis-552.png,Tuberculosis,1,test
/home/user/Tuberculosis_detection/data/raw/Tuberculosis/Tuberculosis-553.png,Tuberculosis,1,train
/home/user/Tuberculosis_detection/data/raw/Tuberculosis/Tuberculosis-554.png,Tuberculosis,1,train
/home/user/Tuberculosis_detection/data/raw/Tuberculosis/Tuberculosis-555.png,Tuberculosis,1,train
/home/user/Tuberculosis_detection/data/raw/Tuberculosis/Tuberculosis-556.png,Tuberculosis,1,train
/home/user/Tuberculosis_detection/data/raw/Tuberculosis/Tuberculosis-557.png,Tuberculosis,1,train
/home/user/Tuberculosis_detection/data/raw/Tuberculosis/Tuberculosis-558.png,Tuberculosis,1,train
/home/user/Tuberculosis_detection/data/raw/Tuberculosis/Tuberculosis-559.png,Tuberculosis,1,val
/home/user/Tuberculosis_detection/data/raw/Tuberculosis/Tuberculosis-56.png,Tuberculosis,1,test
/home/user/Tuberculosis_detection/data/raw/Tuberculosis/Tuberculosis-560.png,Tuberculosis,1,val
/home/user/Tuberculosis_detection/data/raw/Tuberculosis/Tuberculosis-561.png,Tuberculosis,1,train
/home/user/Tuberculosis_detection/data/raw/Tuberculosis/Tuberculosis-562.png,Tuberculosis,1,val
/home/user/Tuberculosis_detection/data/raw/Tuberculosis/Tuberculosis-563.png,Tuberculosis,1,val
/home/user/Tuberculosis_detection/data/raw/Tuberculosis/Tuberculosis-564.png,Tuberculosis,1,train
/home/user/Tuberculosis_detection/data/raw/Tuberculosis/Tuberculosis-565.png,Tuberculosis,1,train
/home/user/Tuberculosis_detection/data/raw/Tuberculosis/Tuberculosis-566.png,Tuberculosis,1,train
/home/user/Tuberculosis_detection/data/raw/Tuberculosis/Tuberculosis-567.png,Tuberculosis,1,test
/home/user/Tuberculosis_detection/data/raw/Tuberculosis/Tuberculosis-568.png,Tuberculosis,1,val
/home/user/Tuberculosis_detection/data/raw/Tuberculosis/Tuberculosis-569.png,Tuberculosis,1,test
/home/user/Tuberculosis_detection/data/raw/Tuberculosis/Tuberculosis-57.png,Tuberculosis,1,train
/home/user/Tuberculosis_detection/data/raw/Tuberculosis/Tuberculosis-570.png,Tuberculosis,1,val
/home/user/Tuberculosis_detection/data/raw/Tuberculosis/Tuberculosis-571.png,Tuberculosis,1,train
/home/user/Tuberculosis_detection/data/raw/Tuberculosis/Tuberculosis-572.png,Tuberculosis,1,val
/home/user/Tuberculosis_detection/data/raw/Tuberculosis/Tuberculosis-573.png,Tuberculosis,1,train
/home/user/Tuberculosis_detection/data/raw/Tuberculosis/Tuberculosis-574.png,Tuberculosis,1,train
/home/user/Tuberculosis_detection/data/raw/Tuberculosis/Tuberculosis-575.png,Tuberculosis,1,train
/home/user/Tuberculosis_detection/data/raw/Tuberculosis/Tuberculosis-576.png,Tuberculosis,1,test
/home/user/Tuberculosis_detection/data/raw/Tuberculosis/Tuberculosis-577.png,Tuberculosis,1,train
/home/user/Tuberculosis_detection/data/raw/Tuberculosis/Tuberculosis-578.png,Tuberculosis,1,val
/home/user/Tuberculosis_detection/data/raw/Tuberculosis/Tuberculosis-579.png,Tuberculosis,1,train
/home/user/Tuberculosis_detection/data/raw/Tuberculosis/Tuberculosis-58.png,Tuberculosis,1,train
/home/user/Tuberculosis_detection/data/raw/Tuberculosis/Tuberculosis-580.png,Tuberculosis,1,train
/home/user/Tuberculosis_detection/data/raw/Tuberculosis/Tuberculosis-581.png,Tuberculosis,1,train
/home/user/Tuberculosis_detection/data/raw/Tuberculosis/Tuberculosis-582.png,Tuberculosis,1,test
/home/user/Tuberculosis_detection/data/raw/Tuberculosis/Tuberculosis-583.png,Tuberculosis,1,train
/home/user/Tuberculosis_detection/data/raw/Tuberculosis/Tuberculosis-584.png,Tuberculosis,1,train
/home/user/Tuberculosis_detection/data/raw/Tuberculosis/Tuberculosis-585.png,Tuberculosis,1,train
/home/user/Tuberculosis_detection/data/raw/Tuberculosis/Tuberculosis-586.png,Tuberculosis,1,train
/home/user/Tuberculosis_detection/data/raw/Tuberculosis/Tuberculosis-587.png,Tuberculosis,1,test
/home/user/Tuberculosis_detection/data/raw/Tuberculosis/Tuberculosis-588.png,Tuberculosis,1,train
/home/user/Tuberculosis_detection/data/raw/Tuberculosis/Tuberculosis-589.png,Tuberculosis,1,train
/home/user/Tuberculosis_detection/data/raw/Tuberculosis/Tuberculosis-59.png,Tuberculosis,1,train
/home/user/Tuberculosis_detection/data/raw/Tuberculosis/Tuberculosis-590.png,Tuberculosis,1,train
/home/user/Tuberculosis_detection/data/raw/Tuberculosis/Tuberculosis-591.png,Tuberculosis,1,train
/home/user/Tuberculosis_detection/data/raw/Tuberculosis/Tuberculosis-592.png,Tuberculosis,1,train
/home/user/Tuberculosis_detection/data/raw/Tuberculosis/Tuberculosis-593.png,Tuberculosis,1,val
/home/user/Tuberculosis_detection/data/raw/Tuberculosis/Tuberculosis-594.png,Tuberculosis,1,train
/home/user/Tuberculosis_detection/data/raw/Tuberculosis/Tuberculosis-595.png,Tuberculosis,1,train
/home/user/Tuberculosis_detection/data/raw/Tuberculosis/Tuberculosis-596.png,Tuberculosis,1,test
/home/user/Tuberculosis_detection/data/raw/Tuberculosis/Tuberculosis-597.png,Tuberculosis,1,test
/home/user/Tuberculosis_detection/data/raw/Tuberculosis/Tuberculosis-598.png,Tuberculosis,1,train
/home/user/Tuberculosis_detection/data/raw/Tuberculosis/Tuberculosis-599.png,Tuberculosis,1,train
/home/user/Tuberculosis_detection/data/raw/Tuberculosis/Tuberculosis-6.png,Tuberculosis,1,train
/home/user/Tuberculosis_detection/data/raw/Tuberculosis/Tuberculosis-60.png,Tuberculosis,1,train
/home/user/Tuberculosis_detection/data/raw/Tuberculosis/Tuberculosis-600.png,Tuberculosis,1,train
/home/user/Tuberculosis_detection/data/raw/Tuberculosis/Tuberculosis-601.png,Tuberculosis,1,train
/home/user/Tuberculosis_detection/data/raw/Tuberculosis/Tuberculosis-602.png,Tuberculosis,1,train
/home/user/Tuberculosis_detection/data/raw/Tuberculosis/Tuberculosis-603.png,Tuberculosis,1,test
/home/user/Tuberculosis_detection/data/raw/Tuberculosis/Tuberculosis-604.png,Tuberculosis,1,val
/home/user/Tuberculosis_detection/data/raw/Tuberculosis/Tuberculosis-605.png,Tuberculosis,1,train
/home/user/Tuberculosis_detection/data/raw/Tuberculosis/Tuberculosis-606.png,Tuberculosis,1,train
/home/user/Tuberculosis_detection/data/raw/Tuberculosis/Tuberculosis-607.png,Tuberculosis,1,train
/home/user/Tuberculosis_detection/data/raw/Tuberculosis/Tuberculosis-608.png,Tuberculosis,1,train
/home/user/Tuberculosis_detection/data/raw/Tuberculosis/Tuberculosis-609.png,Tuberculosis,1,val
/home/user/Tuberculosis_detection/data/raw/Tuberculosis/Tuberculosis-61.png,Tuberculosis,1,train
/home/user/Tuberculosis_detection/data/raw/Tuberculosis/Tuberculosis-610.png,Tuberculosis,1,train
/home/user/Tuberculosis_detection/data/raw/Tuberculosis/Tuberculosis-611.png,Tuberculosis,1,train
/home/user/Tuberculosis_detection/data/raw/Tuberculosis/Tuberculosis-612.png,Tuberculosis,1,train
/home/user/Tuberculosis_detection/data/raw/Tuberculosis/Tuberculosis-613.png,Tuberculosis,1,train
/home/user/Tuberculosis_detection/data/raw/Tuberculosis/Tuberculosis-614.png,Tuberculosis,1,train
/home/user/Tuberculosis_detection/data/raw/Tuberculosis/Tuberculosis-615.png,Tuberculosis,1,train
/home/user/Tuberculosis_detection/data/raw/Tuberculosis/Tuberculosis-616.png,Tuberculosis,1,train
/home/user/Tuberculosis_detection/data/raw/Tuberculosis/Tuberculosis-617.png,Tuberculosis,1,train
/home/user/Tuberculosis_detection/data/raw/Tuberculosis/Tuberculosis-618.png,Tuberculosis,1,train
/home/user/Tuberculosis_detection/data/raw/Tuberculosis/Tuberculosis-619.png,Tuberculosis,1,test
/home/user/Tuberculosis_detection/data/raw/Tuberculosis/Tuberculosis-62.png,Tuberculosis,1,train
/home/user/Tuberculosis_detection/data/raw/Tuberculosis/Tuberculosis-620.png,Tuberculosis,1,train
/home/user/Tuberculosis_detection/data/raw/Tuberculosis/Tuberculosis-621.png,Tuberculosis,1,train
/home/user/Tuberculosis_detection/data/raw/Tuberculosis/Tuberculosis-622.png,Tuberculosis,1,train
/home/user/Tuberculosis_detection/data/raw/Tuberculosis/Tuberculosis-623.png,Tuberculosis,1,train
/home/user/Tuberculosis_detection/data/raw/Tuberculosis/Tuberculosis-624.png,Tuberculosis,1,train
/home/user/Tuberculosis_detection/data/raw/Tuberculosis/Tuberculosis-625.png,Tuberculosis,1,train
/home/user/Tuberculosis_detection/data/raw/Tuberculosis/Tuberculosis-626.png,Tuberculosis,1,train
/home/user/Tuberculosis_detection/data/raw/Tuberculosis/Tuberculosis-627.png,Tuberculosis,1,train
/home/user/Tuberculosis_detection/data/raw/Tuberculosis/Tuberculosis-628.png,Tuberculosis,1,val
/home/user/Tuberculosis_detection/data/raw/Tuberculosis/Tuberculosis-629.png,Tuberculosis,1,val
/home/user/Tuberculosis_detection/data/raw/Tuberculosis/Tuberculosis-63.png,Tuberculosis,1,val
/home/user/Tuberculosis_detection/data/raw/Tuberculosis/Tuberculosis-630.png,Tuberculosis,1,train
/home/user/Tuberculosis_detection/data/raw/Tuberculosis/Tuberculosis-631.png,Tuberculosis,1,test
/home/user/Tuberculosis_detection/data/raw/Tuberculosis/Tuberculosis-632.png,Tuberculosis,1,train
/home/user/Tuberculosis_detection/data/raw/Tuberculosis/Tuberculosis-633.png,Tuberculosis,1,val
/home/user/Tuberculosis_detection/data/raw/Tuberculosis/Tuberculosis-634.png,Tuberculosis,1,train
/home/user/Tuberculosis_detection/data/raw/Tuberculosis/Tuberculosis-635.png,Tuberculosis,1,train
/home/user/Tuberculosis_detection/data/raw/Tuberculosis/Tuberculosis-636.png,Tuberculosis,1,train
/home/user/Tuberculosis_detection/data/raw/Tuberculosis/Tuberculosis-637.png,Tuberculosis,1,train
/home/user/Tuberculosis_detection/data/raw/Tuberculosis/Tuberculosis-638.png,Tuberculosis,1,train
/home/user/Tuberculosis_detection/data/raw/Tuberculosis/Tuberculosis-639.png,Tuberculosis,1,train
/home/user/Tuberculosis_detection/data/raw/Tuberculosis/Tuberculosis-64.png,Tuberculosis,1,train
/home/user/Tuberculosis_detection/data/raw/Tuberculosis/Tuberculosis-640.png,Tuberculosis,1,train
/home/user/Tuberculosis_detection/data/raw/Tuberculosis/Tuberculosis-641.png,Tuberculosis,1,train
/home/user/Tuberculosis_detection/data/raw/Tuberculosis/Tuberculosis-642.png,Tuberculosis,1,train
/home/user/Tuberculosis_detection/data/raw/Tuberculosis/Tuberculosis-643.png,Tuberculosis,1,train
/home/user/Tuberculosis_detection/data/raw/Tuberculosis/Tuberculosis-644.png,Tuberculosis,1,train
/home/user/Tuberculosis_detection/data/raw/Tuberculosis/Tuberculosis-645.png,Tuberculosis,1,train
/home/user/Tuberculosis_detection/data/raw/Tuberculosis/Tuberculosis-646.png,Tuberculosis,1,val
/home/user/Tuberculosis_detection/data/raw/Tuberculosis/Tuberculosis-647.png,Tuberculosis,1,train
/home/user/Tuberculosis_detection/data/raw/Tuberculosis/Tuberculosis-648.png,Tuberculosis,1,train
/home/user/Tuberculosis_detection/data/raw/Tuberculosis/Tuberculosis-649.png,Tuberculosis,1,train
/home/user/Tuberculosis_detection/data/raw/Tuberculosis/Tuberculosis-65.png,Tuberculosis,1,train
/home/user/Tuberculosis_detection/data/raw/Tuberculosis/Tuberculosis-650.png,Tuberculosis,1,train
/home/user/Tuberculosis_detection/data/raw/Tuberculosis/Tuberculosis-651.png,Tuberculosis,1,train
/home/user/Tuberculosis_detection/data/raw/Tuberculosis/Tuberculosis-652.png,Tuberculosis,1,train
/home/user/Tuberculosis_detection/data/raw/Tuberculosis/Tuberculosis-653.png,Tuberculosis,1,train
/home/user/Tuberculosis_detection/data/raw/Tuberculosis/Tuberculosis-654.png,Tuberculosis,1,train
/home/user/Tuberculosis_detection/data/raw/Tuberculosis/Tuberculosis-655.png,Tuberculosis,1,train
/home/user/Tuberculosis_detection/data/raw/Tuberculosis/Tuberculosis-656.png,Tuberculosis,1,train
/home/user/Tuberculosis_detection/data/raw/Tuberculosis/Tuberculosis-657.png,Tuberculosis,1,train
/home/user/Tuberculosis_detection/data/raw/Tuberculosis/Tuberculosis-658.png,Tuberculosis,1,train
/home/user/Tuberculosis_detection/data/raw/Tuberculosis/Tuberculosis-659.png,Tuberculosis,1,train
/home/user/Tuberculosis_detection/data/raw/Tuberculosis/Tuberculosis-66.png,Tuberculosis,1,train
/home/user/Tuberculosis_detection/data/raw/Tuberculosis/Tuberculosis-660.png,Tuberculosis,1,train
/home/user/Tuberculosis_detection/data/raw/Tuberculosis/Tuberculosis-661.png,Tuberculosis,1,train
/home/user/Tuberculosis_detection/data/raw/Tuberculosis/Tuberculosis-662.png,Tuberculosis,1,train
/home/user/Tuberculosis_detection/data/raw/Tuberculosis/Tuberculosis-663.png,Tuberculosis,1,train
/home/user/Tuberculosis_detection/data/raw/Tuberculosis/Tuberculosis-664.png,Tuberculosis,1,train
/home/user/Tuberculosis_detection/data/raw/Tuberculosis/Tuberculosis-665.png,Tuberculosis,1,val
/home/user/Tuberculosis_detection/data/raw/Tuberculosis/Tuberculosis-666.png,Tuberculosis,1,test
/home/user/Tuberculosis_detection/data/raw/Tuberculosis/Tuberculosis-667.png,Tuberculosis,1,test
/home/user/Tuberculosis_detection/data/raw/Tuberculosis/Tuberculosis-668.png,Tuberculosis,1,val
/home/user/Tuberculosis_detection/data/raw/Tuberculosis/Tuberculosis-669.png,Tuberculosis,1,val
/home/user/Tuberculosis_detection/data/raw/Tuberculosis/Tuberculosis-67.png,Tuberculosis,1,train
/home/user/Tuberculosis_detection/data/raw/Tuberculosis/Tuberculosis-670.png,Tuberculosis,1,test
/home/user/Tuberculosis_detection/data/raw/Tuberculosis/Tuberculosis-671.png,Tuberculosis,1,train
/home/user/Tuberculosis_detection/data/raw/Tuberculosis/Tuberculosis-672.png,Tuberculosis,1,train
/home/user/Tuberculosis_detection/data/raw/Tuberculosis/Tuberculosis-673.png,Tuberculosis,1,train
/home/user/Tuberculosis_detection/data/raw/Tuberculosis/Tuberculosis-674.png,Tuberculosis,1,train
/home/user/Tuberculosis_detection/data/raw/Tuberculosis/Tuberculosis-675.png,Tuberculosis,1,train
/home/user/Tuberculosis_detection/data/raw/Tuberculosis/Tuberculosis-676.png,Tuberculosis,1,train
/home/user/Tuberculosis_detection/data/raw/Tuberculosis/Tuberculosis-677.png,Tuberculosis,1,train
/home/user/Tuberculosis_detection/data/raw/Tuberculosis/Tuberculosis-678.png,Tuberculosis,1,train
/home/user/Tuberculosis_detection/data/raw/Tuberculosis/Tuberculosis-679.png,Tuberculosis,1,val
/home/user/Tuberculosis_detection/data/raw/Tuberculosis/Tuberculosis-68.png,Tuberculosis,1,train
/home/user/Tuberculosis_detection/data/raw/Tuberculosis/Tuberculosis-680.png,Tuberculosis,1,train
/home/user/Tuberculosis_detection/data/raw/Tuberculosis/Tuberculosis-681.png,Tuberculosis,1,train
/home/user/Tuberculosis_detection/data/raw/Tuberculosis/Tuberculosis-682.png,Tuberculosis,1,test
/home/user/Tuberculosis_detection/data/raw/Tuberculosis/Tuberculosis-683.png,Tuberculosis,1,val
/home/user/Tuberculosis_detection/data/raw/Tuberculosis/Tuberculosis-684.png,Tuberculosis,1,train
/home/user/Tuberculosis_detection/data/raw/Tuberculosis/Tuberculosis-685.png,Tuberculosis,1,train
/home/user/Tuberculosis_detection/data/raw/Tuberculosis/Tuberculosis-686.png,Tuberculosis,1,train
/home/user/Tuberculosis_detection/data/raw/Tuberculosis/Tuberculosis-687.png,Tuberculosis,1,train
/home/user/Tuberculosis_detection/data/raw/Tuberculosis/Tuberculosis-688.png,Tuberculosis,1,train
/home/user/Tuberculosis_detection/data/raw/Tuberculosis/Tuberculosis-689.png,Tuberculosis,1,train
/home/user/Tuberculosis_detection/data/raw/Tuberculosis/Tuberculosis-69.png,Tuberculosis,1,train
/home/user/Tuberculosis_detection/data/raw/Tuberculosis/Tuberculosis-690.png,Tuberculosis,1,val
/home/user/Tuberculosis_detection/data/raw/Tuberculosis/Tuberculosis-691.png,Tuberculosis,1,train
/home/user/Tuberculosis_detection/data/raw/Tuberculosis/Tuberculosis-692.png,Tuberculosis,1,train
/home/user/Tuberculosis_detection/data/raw/Tuberculosis/Tuberculosis-693.png,Tuberculosis,1,val
/home/user/Tuberculosis_detection/data/raw/Tuberculosis/Tuberculosis-694.png,Tuberculosis,1,val
/home/user/Tuberculosis_detection/data/raw/Tuberculosis/Tuberculosis-695.png,Tuberculosis,1,train
/home/user/Tuberculosis_detection/data/raw/Tuberculosis/Tuberculosis-696.png,Tuberculosis,1,test
/home/user/Tuberculosis_detection/data/raw/Tuberculosis/Tuberculosis-697.png,Tuberculosis,1,val
/home/user/Tuberculosis_detection/data/raw/Tuberculosis/Tuberculosis-698.png,Tuberculosis,1,val
/home/user/Tuberculosis_detection/data/raw/Tuberculosis/Tuberculosis-699.png,Tuberculosis,1,test
/home/user/Tuberculosis_detection/data/raw/Tuberculosis/Tuberculosis-7.png,Tuberculosis,1,train
/home/user/Tuberculosis_detection/data/raw/Tuberculosis/Tuberculosis-70.png,Tuberculosis,1,test
/home/user/Tuberculosis_detection/data/raw/Tuberculosis/Tuberculosis-700.png,Tuberculosis,1,train
/home/user/Tuberculosis_detection/data/raw/Tuberculosis/Tuberculosis-71.png,Tuberculosis,1,test
/home/user/Tuberculosis_detection/data/raw/Tuberculosis/Tuberculosis-72.png,Tuberculosis,1,train
/home/user/Tuberculosis_detection/data/raw/Tuberculosis/Tuberculosis-73.png,Tuberculosis,1,test
/home/user/Tuberculosis_detection/data/raw/Tuberculosis/Tuberculosis-74.png,Tuberculosis,1,test
/home/user/Tuberculosis_detection/data/raw/Tuberculosis/Tuberculosis-75.png,Tuberculosis,1,train
/home/user/Tuberculosis_detection/data/raw/Tuberculosis/Tuberculosis-76.png,Tuberculosis,1,train
/home/user/Tuberculosis_detection/data/raw/Tuberculosis/Tuberculosis-77.png,Tuberculosis,1,test
/home/user/Tuberculosis_detection/data/raw/Tuberculosis/Tuberculosis-78.png,Tuberculosis,1,test
/home/user/Tuberculosis_detection/data/raw/Tuberculosis/Tuberculosis-79.png,Tuberculosis,1,train
/home/user/Tuberculosis_detection/data/raw/Tuberculosis/Tuberculosis-8.png,Tuberculosis,1,train
/home/user/Tuberculosis_detection/data/raw/Tuberculosis/Tuberculosis-80.png,Tuberculosis,1,val
/home/user/Tuberculosis_detection/data/raw/Tuberculosis/Tuberculosis-81.png,Tuberculosis,1,train
/home/user/Tuberculosis_detection/data/raw/Tuberculosis/Tuberculosis-82.png,Tuberculosis,1,train
/home/user/Tuberculosis_detection/data/raw/Tuberculosis/Tuberculosis-83.png,Tuberculosis,1,train
/home/user/Tuberculosis_detection/data/raw/Tuberculosis/Tuberculosis-84.png,Tuberculosis,1,train
/home/user/Tuberculosis_detection/data/raw/Tuberculosis/Tuberculosis-85.png,Tuberculosis,1,val
/home/user/Tuberculosis_detection/data/raw/Tuberculosis/Tuberculosis-86.png,Tuberculosis,1,train
/home/user/Tuberculosis_detection/data/raw/Tuberculosis/Tuberculosis-87.png,Tuberculosis,1,val
/home/user/Tuberculosis_detection/data/raw/Tuberculosis/Tuberculosis-88.png,Tuberculosis,1,train
/home/user/Tuberculosis_detection/data/raw/Tuberculosis/Tuberculosis-89.png,Tuberculosis,1,val
/home/user/Tuberculosis_detection/data/raw/Tuberculosis/Tuberculosis-9.png,Tuberculosis,1,val
/home/user/Tuberculosis_detection/data/raw/Tuberculosis/Tuberculosis-90.png,Tuberculosis,1,train
/home/user/Tuberculosis_detection/data/raw/Tuberculosis/Tuberculosis-91.png,Tuberculosis,1,train
/home/user/Tuberculosis_detection/data/raw/Tuberculosis/Tuberculosis-92.png,Tuberculosis,1,train
/home/user/Tuberculosis_detection/data/raw/Tuberculosis/Tuberculosis-93.png,Tuberculosis,1,test
/home/user/Tuberculosis_detection/data/raw/Tuberculosis/Tuberculosis-94.png,Tuberculosis,1,train
/home/user/Tuberculosis_detection/data/raw/Tuberculosis/Tuberculosis-95.png,Tuberculosis,1,val
/home/user/Tuberculosis_detection/data/raw/Tuberculosis/Tuberculosis-96.png,Tuberculosis,1,train
/home/user/Tuberculosis_detection/data/raw/Tuberculosis/Tuberculosis-97.png,Tuberculosis,1,train
/home/user/Tuberculosis_detection/data/raw/Tuberculosis/Tuberculosis-98.png,Tuberculosis,1,train
/home/user/Tuberculosis_detection/data/raw/Tuberculosis/Tuberculosis-99.png,Tuberculosis,1,train
